Begin Time - hh:mm:ss.ms	End Time - hh:mm:ss.ms	Duration - hh:mm:ss.ms	svara	motifs	phrases
00:00:00.586	00:00:02.110	00:00:01.524			dha ni sa ri ma ga ri sa
00:00:01.157	00:00:02.106	00:00:00.949		ri ma ga ri sa	
00:00:02.549	00:00:05.132	00:00:02.583			ni ni ri sa sa ni ni dha dha pa
00:00:03.865	00:00:05.129	00:00:01.264		ni ni dha dha pa 	
00:00:06.269	00:00:07.652	00:00:01.383		ni ni dha dha pa	
00:00:11.792	00:00:14.220	00:00:02.428			pa dha ni sa ri sa ni sa pa
00:00:13.090	00:00:14.212	00:00:01.122		ni sa pa	
00:00:16.263	00:00:17.490	00:00:01.227		ga ri ri sa     	
00:00:18.085	00:00:19.419	00:00:01.334		ga ri ri sa	
00:00:25.328	00:00:26.518	00:00:01.190		ga ri ri sa	
00:00:27.150	00:00:28.402	00:00:01.252		ga ri ri sa	
00:00:31.425	00:00:32.810	00:00:01.385		ra ma ga ri sa 	
00:00:33.280	00:00:34.638	00:00:01.358		ra ma ga ri sa	
00:00:35.800	00:00:36.770	00:00:00.970	ni		
00:00:37.745	00:00:38.276	00:00:00.531	ni		
00:00:37.745	00:00:40.138	00:00:02.393		ni dha	
00:00:38.277	00:00:40.138	00:00:01.861	dha		
00:00:41.105	00:00:43.861	00:00:02.756		ma pa	
00:00:41.110	00:00:41.956	00:00:00.846	ma		
00:00:41.961	00:00:43.852	00:00:01.891	pa		
00:00:44.638	00:00:45.650	00:00:01.012	dha		
00:00:44.638	00:00:48.510	00:00:03.872		dha ni sa	
00:00:45.650	00:00:46.134	00:00:00.484	ni		
00:00:46.134	00:00:48.515	00:00:02.381	sa		
00:00:49.148	00:00:50.549	00:00:01.401	ni		
00:00:51.602	00:00:52.194	00:00:00.592	ni		
00:00:51.606	00:00:54.402	00:00:02.796		ni dha	
00:00:52.194	00:00:54.406	00:00:02.212	dha		
00:00:54.980	00:00:56.030	00:00:01.050	ma		
00:00:54.987	00:00:57.690	00:00:02.703		ma pa	
00:00:56.034	00:00:57.690	00:00:01.656	pa		
00:00:58.485	00:00:59.216	00:00:00.731	dha		
00:00:58.485	00:01:01.410	00:00:02.925		dha ni sa	
00:00:59.216	00:00:59.722	00:00:00.506	ni		
00:00:59.722	00:01:01.415	00:00:01.693	sa		
00:01:01.785	00:01:02.160	00:00:00.375	sa		
00:01:02.162	00:01:02.535	00:00:00.373	ri		
00:01:02.549	00:01:03.077	00:00:00.528	ri		
00:01:02.549	00:01:05.022	00:00:02.473		ri sa ni	
00:01:03.077	00:01:03.944	00:00:00.867	sa		
00:01:03.948	00:01:05.022	00:00:01.074	ni		
00:01:05.040	00:01:07.830	00:00:02.790		ni dha	
00:01:05.044	00:01:05.487	00:00:00.443	ni		
00:01:05.492	00:01:07.830	00:00:02.338	dha		
00:01:08.262	00:01:09.610	00:00:01.348	ma		
00:01:08.267	00:01:11.587	00:00:03.320		ma pa	
00:01:09.610	00:01:11.587	00:00:01.977	pa		
00:01:11.719	00:01:14.447	00:00:02.728		dha ni sa	
00:01:11.723	00:01:12.445	00:00:00.722	dha		
00:01:12.445	00:01:12.978	00:00:00.533	ni		
00:01:12.978	00:01:14.453	00:00:01.475	sa		
00:01:14.990	00:01:15.588	00:00:00.598	ga		
00:01:15.597	00:01:15.960	00:00:00.363	ri		
00:01:15.965	00:01:18.250	00:00:02.285		ri sa ni	
00:01:15.969	00:01:16.420	00:00:00.451	ri		
00:01:16.428	00:01:17.250	00:00:00.822	sa		
00:01:17.259	00:01:18.239	00:00:00.980	ni		
00:01:18.309	00:01:18.730	00:00:00.421	ni		
00:01:18.309	00:01:20.538	00:00:02.229		ni dha	
00:01:18.734	00:01:20.538	00:00:01.804	dha		
00:01:21.735	00:01:22.908	00:00:01.173	ma		
00:01:21.735	00:01:24.469	00:00:02.734		ma pa	
00:01:22.908	00:01:24.469	00:00:01.561	pa		
00:01:24.933	00:01:25.926	00:00:00.993	dha		
00:01:24.933	00:01:27.864	00:00:02.931		dha ni sa	
00:01:25.926	00:01:26.489	00:00:00.563	ni		
00:01:26.489	00:01:27.864	00:00:01.375	 sa		
00:01:28.187	00:01:33.738	00:00:05.551			dha ni sa ri ga ma pa ma ga ri
00:01:28.191	00:01:28.767	00:00:00.576	dha		
00:01:28.767	00:01:29.132	00:00:00.365	ni		
00:01:29.132	00:01:29.685	00:00:00.553	sa		
00:01:29.685	00:01:30.108	00:00:00.423	ri		
00:01:30.108	00:01:30.626	00:00:00.518	ga		
00:01:30.623	00:01:33.745	00:00:03.122		ma pa ma ga ri	
00:01:30.626	00:01:31.073	00:00:00.447	ma		
00:01:31.073	00:01:31.583	00:00:00.510	pa		
00:01:31.586	00:01:32.061	00:00:00.475	ma		
00:01:32.061	00:01:32.661	00:00:00.600	ga		
00:01:32.661	00:01:33.741	00:00:01.080	ri		
00:01:38.253	00:01:38.747	00:00:00.494	dha		
00:01:38.257	00:01:43.625	00:00:05.368			dha ni sa ri ga ma pa ma ga ri
00:01:38.747	00:01:39.194	00:00:00.447	ni		
00:01:39.194	00:01:39.770	00:00:00.576	sa		
00:01:39.770	00:01:40.182	00:00:00.412	ri		
00:01:40.182	00:01:40.782	00:00:00.600	ga		
00:01:40.782	00:01:41.100	00:00:00.318	ma		
00:01:40.790	00:01:43.638	00:00:02.848		ma pa ma ga ri	
00:01:41.100	00:01:41.489	00:00:00.389	pa		
00:01:41.489	00:01:42.042	00:00:00.553	ma		
00:01:42.042	00:01:42.571	00:00:00.529	ga		
00:01:42.571	00:01:43.630	00:00:01.059	ri		
00:01:45.065	00:01:45.606	00:00:00.541	dha		
00:01:45.067	00:01:49.900	00:00:04.833			dha ni sa ri ga ma pa ma ga ri
00:01:45.606	00:01:45.947	00:00:00.341	ni		
00:01:45.947	00:01:46.382	00:00:00.435	sa		
00:01:46.382	00:01:46.794	00:00:00.412	ri		
00:01:46.794	00:01:47.206	00:00:00.412	ga		
00:01:47.500	00:01:47.994	00:00:00.494	ma		
00:01:47.514	00:01:49.903	00:00:02.389		ma pa ma ga ri	
00:01:47.994	00:01:48.406	00:00:00.412	pa		
00:01:48.406	00:01:48.723	00:00:00.317	ma		
00:01:48.723	00:01:49.194	00:00:00.471	ga		
00:01:49.194	00:01:49.904	00:00:00.710	ri		
00:01:51.076	00:01:51.382	00:00:00.306	ma		
00:01:51.080	00:01:53.422	00:00:02.342		ma pa ma ga ri	
00:01:51.382	00:01:51.676	00:00:00.294	pa		
00:01:51.676	00:01:52.088	00:00:00.412	ma		
00:01:52.088	00:01:52.558	00:00:00.470	ga		
00:01:52.558	00:01:53.416	00:00:00.858	ri		
00:01:54.966	00:01:55.872	00:00:00.906	ni		
00:01:54.969	00:01:57.334	00:00:02.365		ni sa ri	
00:01:55.872	00:01:56.778	00:00:00.906	sa		
00:01:56.778	00:01:57.331	00:00:00.553	ri		
00:01:57.331	00:01:57.813	00:00:00.482	ga		
00:01:57.813	00:01:58.284	00:00:00.471	ma		
00:01:58.284	00:01:59.207	00:00:00.923	pa		
00:01:59.207	00:01:59.665	00:00:00.458	dha		
00:01:59.207	00:02:00.651	00:00:01.444		dha ni sa	
00:01:59.665	00:02:00.140	00:00:00.475	ni		
00:02:00.140	00:02:00.651	00:00:00.511	sa		
00:02:00.651	00:02:01.483	00:00:00.832	 ni		
00:02:00.660	00:02:02.464	00:00:01.804		ni dha pa	
00:02:01.483	00:02:02.024	00:00:00.541	dha		
00:02:02.024	00:02:02.461	00:00:00.437	pa		
00:02:02.463	00:02:02.906	00:00:00.443	ma		
00:02:02.906	00:02:03.777	00:00:00.871	ga		
00:02:04.412	00:02:05.294	00:00:00.882	ri		
00:02:05.294	00:02:05.765	00:00:00.471	sa		
00:02:05.765	00:02:06.387	00:00:00.622	ri		
00:02:05.770	00:02:08.232	00:00:02.462		ri sa ni	
00:02:06.391	00:02:07.270	00:00:00.879	sa		
00:02:07.270	00:02:08.235	00:00:00.965	ni		
00:02:08.235	00:02:08.749	00:00:00.514	ni		
00:02:08.235	00:02:10.631	00:00:02.396		ni dha	
00:02:08.760	00:02:10.631	00:00:01.871	dha		
00:02:11.600	00:02:12.918	00:00:01.318	ma		
00:02:11.600	00:02:14.417	00:00:02.817		ma pa	
00:02:12.929	00:02:14.417	00:00:01.488	pa		
00:02:14.919	00:02:15.771	00:00:00.852	dha		
00:02:14.919	00:02:17.651	00:00:02.732		dha ni sa	
00:02:15.778	00:02:16.557	00:00:00.779	ni		
00:02:16.557	00:02:17.651	00:00:01.094	sa		
00:02:18.150	00:02:18.608	00:00:00.458	dha		
00:02:18.151	00:02:23.405	00:00:05.254			dha ni sa ri ga ma pa ma ga ri
00:02:18.608	00:02:19.076	00:00:00.468	ni		
00:02:19.076	00:02:19.502	00:00:00.426	sa		
00:02:19.502	00:02:19.938	00:00:00.436	ri		
00:02:19.938	00:02:20.620	00:00:00.682	ga		
00:02:20.620	00:02:20.973	00:00:00.353	ma		
00:02:20.627	00:02:23.415	00:00:02.788		ma pa ma ga ri	
00:02:20.973	00:02:21.443	00:00:00.470	pa		
00:02:21.443	00:02:21.843	00:00:00.400	ma		
00:02:21.843	00:02:22.502	00:00:00.659	ga		
00:02:22.502	00:02:23.405	00:00:00.903	ri		
00:02:24.725	00:02:25.627	00:00:00.902	ni		
00:02:24.727	00:02:27.048	00:00:02.321		ni sa ri	
00:02:25.632	00:02:26.608	00:00:00.976	sa		
00:02:26.608	00:02:27.050	00:00:00.442	ri		
00:02:27.050	00:02:27.491	00:00:00.441	ga		
00:02:27.491	00:02:28.102	00:00:00.611	ma		
00:02:28.102	00:02:29.038	00:00:00.936	pa		
00:02:29.038	00:02:29.620	00:00:00.582	dha		
00:02:29.038	00:02:30.416	00:00:01.378		dha ni sa	
00:02:29.620	00:02:30.067	00:00:00.447	ni		
00:02:30.067	00:02:30.414	00:00:00.347	sa		
00:02:30.414	00:02:31.382	00:00:00.968	 ni		
00:02:30.417	00:02:32.195	00:00:01.778		ni dha pa	
00:02:31.382	00:02:31.747	00:00:00.365	dha		
00:02:31.747	00:02:32.202	00:00:00.455	pa		
00:02:32.202	00:02:32.779	00:00:00.577	ma		
00:02:32.779	00:02:33.556	00:00:00.777	ga		
00:02:34.073	00:02:35.014	00:00:00.941	ri		
00:02:35.014	00:02:35.532	00:00:00.518	sa		
00:02:35.532	00:02:36.099	00:00:00.567	ri		
00:02:35.542	00:02:37.933	00:00:02.391		ri sa ni	
00:02:36.099	00:02:36.802	00:00:00.703	sa		
00:02:36.802	00:02:37.931	00:00:01.129	ni		
00:02:37.931	00:02:38.332	00:00:00.401	ni		
00:02:37.933	00:02:40.085	00:00:02.152		ni dha	
00:02:38.339	00:02:40.085	00:00:01.746	dha		
00:02:41.316	00:02:42.636	00:00:01.320	ma		
00:02:41.316	00:02:44.567	00:00:03.251		ma pa	
00:02:42.636	00:02:44.567	00:00:01.931	pa		
00:02:44.567	00:02:45.553	00:00:00.986	dha		
00:02:44.567	00:02:49.427	00:00:04.860		dha ni sa	
00:02:45.560	00:02:46.398	00:00:00.838	ni		
00:02:46.398	00:02:49.427	00:00:03.029	sa		
00:02:55.300	00:02:56.125	00:00:00.825	sa		
00:02:55.308	00:02:58.607	00:00:03.299			sa ri ni sa ri
00:02:56.136	00:02:56.667	00:00:00.531	ri		
00:02:56.675	00:02:57.220	00:00:00.545	ni		
00:02:57.232	00:02:57.765	00:00:00.533	sa		
00:02:57.790	00:02:58.610	00:00:00.820	ri		
00:02:59.314	00:02:59.689	00:00:00.375	ni		
00:02:59.317	00:03:03.870	00:00:04.553			ni ri sa ni dha pa ma
00:02:59.320	00:03:00.614	00:00:01.294		ni ri sa	
00:02:59.689	00:03:00.108	00:00:00.419	ri		
00:03:00.108	00:03:00.605	00:00:00.497	sa		
00:03:00.612	00:03:01.094	00:00:00.482	ni		
00:03:01.094	00:03:01.606	00:00:00.512	 dha		
00:03:01.606	00:03:02.099	00:00:00.493	pa		
00:03:02.107	00:03:03.868	00:00:01.761	ma		
00:03:04.511	00:03:05.396	00:00:00.885	pa		
00:03:05.396	00:03:06.310	00:00:00.914	dha		
00:03:06.310	00:03:07.366	00:00:01.056	ni		
00:03:07.587	00:03:08.213	00:00:00.626	sa		
00:03:08.213	00:03:08.713	00:00:00.500	ri		
00:03:08.713	00:03:09.317	00:00:00.604	ri		
00:03:08.726	00:03:11.239	00:00:02.513		ri sa ni	
00:03:09.317	00:03:10.064	00:00:00.747	sa		
00:03:10.064	00:03:11.248	00:00:01.184	ni		
00:03:11.248	00:03:11.682	00:00:00.434	ni		
00:03:11.248	00:03:13.889	00:00:02.641		ni dha	
00:03:11.686	00:03:13.885	00:00:02.199	dha		
00:03:14.675	00:03:15.805	00:00:01.130	ma		
00:03:14.675	00:03:17.670	00:00:02.995		ma pa	
00:03:15.805	00:03:17.670	00:00:01.865	pa		
00:03:18.059	00:03:18.944	00:00:00.885	dha		
00:03:18.059	00:03:21.161	00:00:03.102		dha ni sa	
00:03:18.952	00:03:19.637	00:00:00.685	ni		
00:03:19.637	00:03:21.161	00:00:01.524	sa		
00:03:22.295	00:03:23.213	00:00:00.918	sa		
00:03:22.297	00:03:25.764	00:00:03.467			sa ri ni sa ri
00:03:23.213	00:03:23.637	00:00:00.424	ri		
00:03:23.637	00:03:24.177	00:00:00.540	ni		
00:03:24.184	00:03:24.653	00:00:00.469	sa		
00:03:24.653	00:03:25.755	00:00:01.102	ri		
00:03:26.121	00:03:27.532	00:00:01.411		ni ri sa	
00:03:26.124	00:03:26.568	00:00:00.444	ni		
00:03:26.124	00:03:31.055	00:00:04.931			ni ri sa ni dha pa ma
00:03:26.575	00:03:27.051	00:00:00.476	ri		
00:03:27.059	00:03:27.526	00:00:00.467	sa		
00:03:27.526	00:03:28.010	00:00:00.484	ni		
00:03:28.010	00:03:28.638	00:00:00.628	dha		
00:03:28.638	00:03:29.086	00:00:00.448	pa		
00:03:29.086	00:03:31.055	00:00:01.969	ma		
00:03:31.638	00:03:32.350	00:00:00.712	pa		
00:03:32.350	00:03:33.124	00:00:00.774	dha		
00:03:33.479	00:03:34.216	00:00:00.737	ni		
00:03:34.410	00:03:35.479	00:00:01.069	 sa		
00:03:35.486	00:03:35.873	00:00:00.387	ri		
00:03:35.873	00:03:36.428	00:00:00.555	ri		
00:03:35.877	00:03:37.926	00:00:02.049		ri sa ni	
00:03:36.429	00:03:37.142	00:00:00.713	sa		
00:03:37.142	00:03:37.926	00:00:00.784	ni		
00:03:38.339	00:03:38.907	00:00:00.568	ni		
00:03:38.342	00:03:41.424	00:00:03.082		ni dha	
00:03:38.918	00:03:41.420	00:00:02.502	dha		
00:03:41.490	00:03:42.922	00:00:01.432	ma		
00:03:41.490	00:03:44.502	00:00:03.012		ma pa	
00:03:42.933	00:03:44.502	00:00:01.569	pa		
00:03:45.017	00:03:45.958	00:00:00.941	dha		
00:03:45.017	00:03:48.534	00:00:03.517		dha ni sa	
00:03:45.958	00:03:46.523	00:00:00.565	ni		
00:03:46.523	00:03:48.534	00:00:02.011	sa		
00:03:49.500	00:03:50.314	00:00:00.814	ri		
00:03:49.504	00:03:53.015	00:00:03.511			ri ga ri ga sa
00:03:50.314	00:03:50.807	00:00:00.493	ga		
00:03:50.807	00:03:51.253	00:00:00.446	ri		
00:03:51.253	00:03:51.818	00:00:00.565	ga		
00:03:51.818	00:03:53.009	00:00:01.191	sa		
00:03:53.399	00:03:53.753	00:00:00.354	ni		
00:03:53.406	00:03:54.709	00:00:01.303		ni ga ri	
00:03:53.753	00:03:54.331	00:00:00.578	ga		
00:03:54.331	00:03:54.699	00:00:00.368	ri		
00:03:54.699	00:03:55.159	00:00:00.460	sa		
00:03:55.159	00:03:56.072	00:00:00.913	ri		
00:03:56.603	00:03:57.108	00:00:00.505	ni		
00:03:56.607	00:03:58.096	00:00:01.489		ni ri sa	
00:03:57.108	00:03:57.581	00:00:00.473	ri		
00:03:57.581	00:03:58.094	00:00:00.513	sa		
00:03:58.094	00:03:58.619	00:00:00.525	ni		
00:03:58.627	00:03:59.473	00:00:00.846	dha		
00:04:00.001	00:04:01.518	00:00:01.517	ni		
00:04:00.006	00:04:03.021	00:00:03.015		ni ga ri	
00:04:01.518	00:04:02.579	00:00:01.061	ga		
00:04:02.590	00:04:03.015	00:00:00.425	ri		
00:04:03.101	00:04:03.553	00:00:00.452	ri		
00:04:03.102	00:04:05.420	00:00:02.318		ri sa ni	
00:04:03.553	00:04:04.338	00:00:00.785	sa		
00:04:04.365	00:04:05.422	00:00:01.057	ni		
00:04:05.422	00:04:05.870	00:00:00.448	ni		
00:04:05.422	00:04:08.498	00:00:03.076		ni dha	
00:04:05.881	00:04:08.498	00:00:02.617	dha		
00:04:08.756	00:04:09.996	00:00:01.240	ma		
00:04:08.756	00:04:11.802	00:00:03.046		ma pa	
00:04:09.996	00:04:11.802	00:00:01.806	pa		
00:04:11.996	00:04:12.918	00:00:00.922	dha		
00:04:11.996	00:04:15.703	00:00:03.707		dha ni sa	
00:04:12.933	00:04:13.733	00:00:00.800	ni		
00:04:13.733	00:04:15.703	00:00:01.970	sa		
00:04:16.441	00:04:17.446	00:00:01.005	ri		
00:04:16.442	00:04:20.213	00:00:03.771			ri ga ri ga sa
00:04:17.446	00:04:17.866	00:00:00.420	ga		
00:04:17.866	00:04:18.306	00:00:00.440	ri		
00:04:18.306	00:04:18.799	00:00:00.493	ga		
00:04:18.799	00:04:20.211	00:00:01.412	sa		
00:04:20.211	00:04:20.725	00:00:00.514	ni		
00:04:20.212	00:04:21.744	00:00:01.532		ni ga ri	
00:04:20.725	00:04:21.395	00:00:00.670	ga		
00:04:21.395	00:04:21.744	00:00:00.349	ri		
00:04:21.744	00:04:22.223	00:00:00.479	sa		
00:04:22.223	00:04:23.156	00:00:00.933	ri		
00:04:23.616	00:04:24.139	00:00:00.523	ni		
00:04:23.622	00:04:25.103	00:00:01.481		ni ri sa	
00:04:24.139	00:04:24.645	00:00:00.506	ri		
00:04:24.645	00:04:25.098	00:00:00.453	sa		
00:04:25.098	00:04:25.612	00:00:00.514	ni		
00:04:25.631	00:04:26.450	00:00:00.819	dha		
00:04:27.026	00:04:28.464	00:00:01.438	ni		
00:04:27.033	00:04:30.025	00:00:02.992		ni ga ri	
00:04:28.464	00:04:29.686	00:00:01.222	ga		
00:04:29.686	00:04:30.030	00:00:00.344	ri		
00:04:30.030	00:04:30.472	00:00:00.442	ri		
00:04:30.033	00:04:32.335	00:00:02.302		ri sa ni	
00:04:30.479	00:04:31.435	00:00:00.956	sa		
00:04:31.442	00:04:32.334	00:00:00.892	ni		
00:04:32.387	00:04:32.977	00:00:00.590	ni		
00:04:32.387	00:04:34.619	00:00:02.232		ni dha	
00:04:32.977	00:04:34.619	00:00:01.642	dha		
00:04:35.860	00:04:36.952	00:00:01.092	ma		
00:04:35.860	00:04:38.952	00:00:03.092		ma pa	
00:04:36.959	00:04:38.952	00:00:01.993	pa		
00:04:39.136	00:04:40.069	00:00:00.933	dha		
00:04:39.136	00:04:42.217	00:00:03.081		dha ni sa	
00:04:40.069	00:04:40.767	00:00:00.698	ni		
00:04:40.774	00:04:42.217	00:00:01.443	sa		
00:04:43.436	00:04:45.692	00:00:02.256		ga ma ga ri	
00:04:43.437	00:04:44.363	00:00:00.926	ga		
00:04:44.363	00:04:44.893	00:00:00.530	ma		
00:04:44.893	00:04:45.380	00:00:00.487	ga		
00:04:45.391	00:04:45.683	00:00:00.292	ri		
00:04:46.005	00:04:46.399	00:00:00.394	sa		
00:04:46.399	00:04:46.848	00:00:00.449	ri		
00:04:46.856	00:04:47.623	00:00:00.767	ni		
00:04:47.633	00:04:47.968	00:00:00.335	sa		
00:04:48.247	00:04:48.652	00:00:00.405	ni		
00:04:48.667	00:04:49.171	00:00:00.504	sa		
00:04:49.184	00:04:49.693	00:00:00.509	ri		
00:04:49.693	00:04:50.218	00:00:00.525	ga		
00:04:50.218	00:04:51.115	00:00:00.897	ma		
00:04:51.154	00:04:51.651	00:00:00.497	pa		
00:04:51.651	00:04:52.150	00:00:00.499	ga		
00:04:52.150	00:04:52.452	00:00:00.302	ri		
00:04:52.583	00:04:53.145	00:00:00.562	ga		
00:04:52.592	00:04:54.579	00:00:01.987		ga ma pa	
00:04:53.145	00:04:53.608	00:00:00.463	ma 		
00:04:53.623	00:04:54.571	00:00:00.948	pa		
00:04:54.579	00:04:55.049	00:00:00.470	dha		
00:04:55.049	00:04:55.512	00:00:00.463	ma		
00:04:55.512	00:04:56.002	00:00:00.490	ga		
00:04:56.002	00:04:56.386	00:00:00.384	ri		
00:04:56.386	00:04:56.704	00:00:00.318	sa		
00:04:56.940	00:04:57.918	00:00:00.978	ga		
00:04:57.918	00:04:58.405	00:00:00.487	ma		
00:04:58.405	00:04:58.894	00:00:00.489	ga		
00:04:58.894	00:04:59.206	00:00:00.312	ri		
00:04:59.361	00:04:59.836	00:00:00.475	sa		
00:04:59.836	00:05:00.437	00:00:00.601	ri		
00:05:00.437	00:05:01.335	00:00:00.898	ni		
00:05:01.343	00:05:01.820	00:00:00.477	sa		
00:05:01.820	00:05:02.221	00:00:00.401	ni 		
00:05:02.221	00:05:02.641	00:00:00.420	sa		
00:05:02.926	00:05:03.369	00:00:00.443	ri		
00:05:03.369	00:05:03.757	00:00:00.388	ga		
00:05:03.757	00:05:04.575	00:00:00.818	ma		
00:05:04.605	00:05:05.101	00:00:00.496	pa		
00:05:05.101	00:05:05.581	00:00:00.480	ga		
00:05:05.581	00:05:05.847	00:00:00.266	ri		
00:05:06.088	00:05:06.559	00:00:00.471	ga		
00:05:06.094	00:05:08.072	00:00:01.978		ga ma pa	
00:05:06.559	00:05:07.085	00:00:00.526	ma		
00:05:07.085	00:05:08.067	00:00:00.982	pa		
00:05:08.067	00:05:08.504	00:00:00.437	dha		
00:05:08.504	00:05:08.964	00:00:00.460	ma		
00:05:08.964	00:05:09.427	00:00:00.463	ga		
00:05:09.427	00:05:09.657	00:00:00.230	ri		
00:05:09.977	00:05:10.411	00:00:00.434	sa		
00:05:10.411	00:05:11.309	00:00:00.898	ga		
00:05:11.309	00:05:11.858	00:00:00.549	ma		
00:05:11.858	00:05:12.246	00:00:00.388	ga		
00:05:12.246	00:05:12.486	00:00:00.240	ri		
00:05:12.820	00:05:13.100	00:00:00.280	sa		
00:05:13.100	00:05:13.553	00:00:00.453	ri		
00:05:13.553	00:05:14.493	00:00:00.940	ni		
00:05:14.493	00:05:14.848	00:00:00.355	sa		
00:05:15.211	00:05:15.468	00:00:00.257	ni		
00:05:15.468	00:05:15.910	00:00:00.442	sa		
00:05:15.910	00:05:16.575	00:00:00.665	ri		
00:05:16.575	00:05:16.974	00:00:00.399	ga		
00:05:16.974	00:05:17.939	00:00:00.965	ma		
00:05:17.939	00:05:18.376	00:00:00.437	pa		
00:05:18.376	00:05:18.820	00:00:00.444	ga		
00:05:18.820	00:05:19.182	00:00:00.362	ri		
00:05:19.301	00:05:19.763	00:00:00.462	ga		
00:05:19.307	00:05:21.203	00:00:01.896		ga ma pa	
00:05:19.763	00:05:20.261	00:00:00.498	ma		
00:05:20.261	00:05:21.198	00:00:00.937	pa		
00:05:21.198	00:05:21.666	00:00:00.468	dha		
00:05:21.666	00:05:22.148	00:00:00.482	ma		
00:05:22.148	00:05:22.595	00:00:00.447	ga		
00:05:22.595	00:05:23.011	00:00:00.416	ri		
00:05:23.011	00:05:23.203	00:00:00.192	sa		
00:05:23.530	00:05:24.582	00:00:01.052	ni		
00:05:24.582	00:05:24.852	00:00:00.270	sa		
00:05:25.198	00:05:27.535	00:00:02.337		ni ga ri	
00:05:25.200	00:05:25.975	00:00:00.775	ni		
00:05:25.975	00:05:27.203	00:00:01.228	ga		
00:05:27.203	00:05:27.542	00:00:00.339	ri		
00:05:27.549	00:05:28.464	00:00:00.915	ga		
00:05:28.464	00:05:29.300	00:00:00.836	ma		
00:05:29.730	00:05:30.064	00:00:00.334	pa		
00:05:29.730	00:05:33.442	00:00:03.712			pa dha ni ni dha pa
00:05:30.064	00:05:30.379	00:00:00.315	dha		
00:05:30.379	00:05:31.336	00:00:00.957	ni		
00:05:31.336	00:05:32.236	00:00:00.900	ni		
00:05:31.338	00:05:33.434	00:00:02.096		ni dha pa	
00:05:32.236	00:05:32.653	00:00:00.417	dha		
00:05:32.653	00:05:33.435	00:00:00.782	pa		
00:05:33.788	00:05:34.656	00:00:00.868	pa		
00:05:34.656	00:05:35.601	00:00:00.945	ma		
00:05:35.601	00:05:36.103	00:00:00.502	ga		
00:05:36.110	00:05:36.579	00:00:00.469	ri		
00:05:36.579	00:05:37.122	00:00:00.543	sa		
00:05:37.122	00:05:37.668	00:00:00.546	ri		
00:05:37.128	00:05:39.541	00:00:02.413		ri sa ni	
00:05:37.668	00:05:38.463	00:00:00.795	sa		
00:05:38.479	00:05:39.545	00:00:01.066	ni		
00:05:39.545	00:05:40.521	00:00:00.976	ni		
00:05:39.545	00:05:41.710	00:00:02.165		ni dha	
00:05:40.521	00:05:41.710	00:00:01.189	dha		
00:05:42.941	00:05:43.869	00:00:00.928	ma		
00:05:42.941	00:05:45.245	00:00:02.304		ma pa	
00:05:43.869	00:05:45.245	00:00:01.376	pa		
00:05:46.235	00:05:47.194	00:00:00.959	dha		
00:05:46.235	00:05:49.106	00:00:02.871		dha ni sa	
00:05:47.194	00:05:47.976	00:00:00.782	ni		
00:05:47.976	00:05:49.106	00:00:01.130	sa		
00:05:50.535	00:05:51.447	00:00:00.912	ga		
00:05:50.539	00:05:52.738	00:00:02.199		ga ma ga ri	
00:05:51.447	00:05:51.941	00:00:00.494	ma		
00:05:51.941	00:05:52.423	00:00:00.482	ga		
00:05:52.423	00:05:52.735	00:00:00.312	ri		
00:05:52.905	00:05:53.336	00:00:00.431	sa		
00:05:53.336	00:05:53.872	00:00:00.536	ri		
00:05:53.872	00:05:54.815	00:00:00.943	ni		
00:05:54.826	00:05:55.136	00:00:00.310	sa		
00:05:55.357	00:05:55.803	00:00:00.446	ni		
00:05:55.803	00:05:56.197	00:00:00.394	sa		
00:05:56.197	00:05:56.644	00:00:00.447	ri		
00:05:56.644	00:05:57.186	00:00:00.542	ga		
00:05:57.186	00:05:58.056	00:00:00.870	ma		
00:05:58.056	00:05:58.572	00:00:00.516	pa		
00:05:58.572	00:05:58.978	00:00:00.406	ga		
00:05:58.978	00:05:59.325	00:00:00.347	ri		
00:05:59.543	00:05:59.984	00:00:00.441	ga		
00:05:59.547	00:06:01.343	00:00:01.796		ga ma pa	
00:05:59.984	00:06:00.472	00:00:00.488	ma		
00:06:00.472	00:06:01.339	00:00:00.867	pa		
00:06:01.339	00:06:01.816	00:00:00.477	dha		
00:06:01.816	00:06:02.292	00:00:00.476	ma		
00:06:02.292	00:06:02.763	00:00:00.471	ga		
00:06:02.763	00:06:03.133	00:00:00.370	ri		
00:06:03.133	00:06:03.539	00:00:00.406	sa		
00:06:03.697	00:06:04.671	00:00:00.974	ga		
00:06:04.671	00:06:05.253	00:00:00.582	ma		
00:06:05.261	00:06:05.665	00:00:00.404	ga		
00:06:05.665	00:06:05.988	00:00:00.323	ri		
00:06:06.155	00:06:06.555	00:00:00.400	sa		
00:06:06.555	00:06:07.067	00:00:00.512	ri		
00:06:07.067	00:06:08.073	00:00:01.006	ni		
00:06:08.073	00:06:08.484	00:00:00.411	sa		
00:06:08.484	00:06:08.908	00:00:00.424	ni		
00:06:08.908	00:06:09.272	00:00:00.364	sa		
00:06:09.537	00:06:09.919	00:00:00.382	ri		
00:06:09.919	00:06:10.250	00:00:00.331	ga		
00:06:10.396	00:06:11.114	00:00:00.718	ma		
00:06:11.114	00:06:11.749	00:00:00.635	pa		
00:06:11.749	00:06:12.102	00:00:00.353	ga		
00:06:12.102	00:06:12.467	00:00:00.365	ri		
00:06:12.620	00:06:13.055	00:00:00.435	ga		
00:06:12.631	00:06:14.678	00:00:02.047		ga ma pa	
00:06:13.055	00:06:13.678	00:00:00.623	ma		
00:06:13.678	00:06:14.672	00:00:00.994	pa		
00:06:14.672	00:06:15.018	00:00:00.346	dha		
00:06:15.018	00:06:15.442	00:00:00.424	ma		
00:06:15.442	00:06:15.953	00:00:00.511	ga		
00:06:15.953	00:06:16.336	00:00:00.383	ri		
00:06:16.336	00:06:16.712	00:00:00.376	sa		
00:06:16.858	00:06:17.834	00:00:00.976	ni		
00:06:17.834	00:06:18.275	00:00:00.441	sa		
00:06:18.275	00:06:18.819	00:00:00.544	ni		
00:06:18.279	00:06:20.681	00:00:02.402		ni ga ri	
00:06:19.205	00:06:20.262	00:00:01.057	 ga		
00:06:20.262	00:06:20.684	00:00:00.422	ri		
00:06:20.684	00:06:21.348	00:00:00.664	ga		
00:06:21.583	00:06:22.595	00:00:01.012	ma 		
00:06:22.595	00:06:22.966	00:00:00.371	pa		
00:06:22.597	00:06:26.523	00:00:03.926			pa dha ni ni dha pa
00:06:22.966	00:06:23.459	00:00:00.493	dha		
00:06:23.459	00:06:24.429	00:00:00.970	ni		
00:06:24.429	00:06:25.381	00:00:00.952	ni		
00:06:24.434	00:06:26.516	00:00:02.082		ni dha pa	
00:06:25.381	00:06:25.711	00:00:00.330	dha		
00:06:25.763	00:06:26.512	00:00:00.749	pa		
00:06:26.760	00:06:27.771	00:00:01.011	pa		
00:06:27.771	00:06:28.665	00:00:00.894	ma		
00:06:28.665	00:06:29.195	00:00:00.530	ga		
00:06:29.195	00:06:29.665	00:00:00.470	ri		
00:06:29.665	00:06:30.061	00:00:00.396	sa		
00:06:30.214	00:06:30.837	00:00:00.623	ri		
00:06:30.217	00:06:32.427	00:00:02.210		ri sa ni	
00:06:30.837	00:06:31.573	00:00:00.736	sa		
00:06:31.573	00:06:32.424	00:00:00.851	ni		
00:06:32.596	00:06:33.583	00:00:00.987	ni		
00:06:32.596	00:06:34.477	00:00:01.881		ni dha	
00:06:33.583	00:06:34.477	00:00:00.894	dha		
00:06:35.930	00:06:37.059	00:00:01.129	ma		
00:06:35.930	00:06:38.173	00:00:02.243		ma pa	
00:06:37.059	00:06:38.173	00:00:01.114	pa		
00:06:39.051	00:06:40.075	00:00:01.024	dha		
00:06:39.051	00:06:42.063	00:00:03.012		dha ni sa	
00:06:40.075	00:06:40.769	00:00:00.694	ni		
00:06:40.769	00:06:42.063	00:00:01.294	sa		
00:06:43.386	00:06:44.209	00:00:00.823	ma		
00:06:43.388	00:06:46.228	00:00:02.840			ma pa ni dha ma
00:06:44.209	00:06:44.668	00:00:00.459	pa		
00:06:44.668	00:06:45.068	00:00:00.400	ni		
00:06:45.068	00:06:45.550	00:00:00.482	dha		
00:06:45.550	00:06:46.221	00:00:00.671	ma		
00:06:46.616	00:06:46.959	00:00:00.343	pa		
00:06:46.959	00:06:47.450	00:00:00.491	dha		
00:06:47.453	00:06:47.929	00:00:00.476	pa		
00:06:47.929	00:06:48.881	00:00:00.952	ma		
00:06:48.881	00:06:49.279	00:00:00.398	ga		
00:06:49.279	00:06:49.738	00:00:00.459	ri		
00:06:49.738	00:06:50.718	00:00:00.980	ga		
00:06:50.718	00:06:51.236	00:00:00.518	ma		
00:06:51.236	00:06:51.906	00:00:00.670	pa		
00:06:52.306	00:06:52.682	00:00:00.376	ga		
00:06:52.316	00:06:54.484	00:00:02.168		ga ma pa	
00:06:52.682	00:06:53.212	00:00:00.530	ma		
00:06:53.212	00:06:59.297	00:00:06.085	pa		
00:07:00.082	00:07:02.861	00:00:02.779			ma pa ni dha ma
00:07:00.085	00:07:00.815	00:00:00.730	ma		
00:07:00.815	00:07:01.306	00:00:00.491	pa		
00:07:01.309	00:07:01.763	00:00:00.454	ni		
00:07:01.763	00:07:02.276	00:00:00.513	dha		
00:07:02.276	00:07:02.862	00:00:00.586	ma		
00:07:03.320	00:07:03.697	00:00:00.377	pa		
00:07:03.697	00:07:04.144	00:00:00.447	dha		
00:07:04.144	00:07:04.608	00:00:00.464	pa		
00:07:04.612	00:07:05.505	00:00:00.893	ma		
00:07:05.512	00:07:05.996	00:00:00.484	ga		
00:07:05.996	00:07:06.465	00:00:00.469	ri		
00:07:06.465	00:07:07.413	00:00:00.948	ga		
00:07:07.416	00:07:07.848	00:00:00.432	ma		
00:07:07.848	00:07:08.123	00:00:00.275	pa		
00:07:09.833	00:07:10.700	00:00:00.867	ma		
00:07:09.835	00:07:12.657	00:00:02.822			ma pa ni dha ma
00:07:10.700	00:07:11.147	00:00:00.447	pa		
00:07:11.147	00:07:11.601	00:00:00.454	ni		
00:07:11.605	00:07:12.217	00:00:00.612	dha		
00:07:12.217	00:07:12.652	00:00:00.435	ma		
00:07:13.091	00:07:13.421	00:00:00.330	pa		
00:07:13.421	00:07:13.856	00:00:00.435	dha		
00:07:13.856	00:07:14.138	00:00:00.282	pa		
00:07:14.456	00:07:15.444	00:00:00.988	ma		
00:07:15.444	00:07:15.879	00:00:00.435	ga		
00:07:15.879	00:07:16.162	00:00:00.283	ri		
00:07:16.162	00:07:17.143	00:00:00.981	ga		
00:07:17.143	00:07:17.585	00:00:00.442	ma		
00:07:17.585	00:07:17.832	00:00:00.247	pa		
00:07:19.420	00:07:20.442	00:00:01.022	ma		
00:07:19.421	00:07:22.404	00:00:02.983			ma pa ni dha ma
00:07:20.442	00:07:20.719	00:00:00.277	pa 		
00:07:20.723	00:07:21.143	00:00:00.420	ni		
00:07:21.143	00:07:21.788	00:00:00.645	dha		
00:07:21.788	00:07:22.394	00:00:00.606	ma		
00:07:22.611	00:07:23.035	00:00:00.424	pa		
00:07:23.035	00:07:23.453	00:00:00.418	dha		
00:07:23.453	00:07:23.900	00:00:00.447	pa		
00:07:24.094	00:07:25.152	00:00:01.058	ma		
00:07:25.152	00:07:25.505	00:00:00.353	ga		
00:07:25.505	00:07:25.808	00:00:00.303	ri		
00:07:25.808	00:07:26.774	00:00:00.966	ga		
00:07:26.782	00:07:27.328	00:00:00.546	ma		
00:07:27.328	00:07:27.587	00:00:00.259	pa		
00:07:29.139	00:07:31.874	00:00:02.735			ma pa ni dha ma
00:07:29.140	00:07:29.723	00:00:00.583	ma		
00:07:29.848	00:07:30.250	00:00:00.402	pa		
00:07:30.250	00:07:30.664	00:00:00.414	ni		
00:07:30.664	00:07:31.343	00:00:00.679	dha		
00:07:31.346	00:07:31.873	00:00:00.527	ma		
00:07:32.061	00:07:32.520	00:00:00.459	pa		
00:07:32.520	00:07:33.025	00:00:00.505	dha		
00:07:33.025	00:07:33.435	00:00:00.410	pa		
00:07:33.439	00:07:34.638	00:00:01.199	ma		
00:07:34.638	00:07:35.049	00:00:00.411	ga		
00:07:35.049	00:07:35.313	00:00:00.264	ri		
00:07:35.313	00:07:36.225	00:00:00.912	ga		
00:07:36.225	00:07:36.708	00:00:00.483	ma		
00:07:36.708	00:07:37.323	00:00:00.615	pa		
00:07:37.582	00:07:38.003	00:00:00.421	ga		
00:07:37.585	00:07:39.399	00:00:01.814		ga ma pa	
00:07:38.003	00:07:38.516	00:00:00.513	ma		
00:07:38.516	00:07:39.391	00:00:00.875	pa		
00:07:39.394	00:07:39.874	00:00:00.480	ga		
00:07:39.874	00:07:40.252	00:00:00.378	pa		
00:07:40.252	00:07:40.800	00:00:00.548	ma		
00:07:40.800	00:07:41.287	00:00:00.487	ga		
00:07:41.287	00:07:41.734	00:00:00.447	ri		
00:07:41.733	00:07:44.331	00:00:02.598		ni sa ri	
00:07:41.734	00:07:42.701	00:00:00.967	ni		
00:07:42.701	00:07:43.216	00:00:00.515	sa		
00:07:43.216	00:07:45.287	00:00:02.071	ri		
00:07:45.870	00:07:46.339	00:00:00.469	ga		
00:07:46.339	00:07:46.785	00:00:00.446	pa		
00:07:46.785	00:07:47.280	00:00:00.495	ma		
00:07:47.280	00:07:47.761	00:00:00.481	ga		
00:07:47.761	00:07:48.236	00:00:00.475	ri		
00:07:48.236	00:07:50.885	00:00:02.649		ni sa ri	
00:07:48.239	00:07:49.132	00:00:00.893	ni		
00:07:49.132	00:07:49.634	00:00:00.502	sa		
00:07:49.634	00:07:51.259	00:00:01.625	ri		
00:07:52.361	00:07:52.882	00:00:00.521	sa		
00:07:53.070	00:07:53.387	00:00:00.317	pa		
00:07:53.387	00:07:53.800	00:00:00.413	ma		
00:07:53.800	00:07:54.269	00:00:00.469	ga		
00:07:54.269	00:07:54.649	00:00:00.380	ri		
00:07:54.649	00:07:55.535	00:00:00.886	ni		
00:07:54.652	00:07:56.645	00:00:01.993		ni sa ri	
00:07:55.535	00:07:56.036	00:00:00.501	sa		
00:07:56.036	00:07:56.646	00:00:00.610	ri		
00:07:56.918	00:07:57.461	00:00:00.543	ni		
00:07:57.461	00:07:57.889	00:00:00.428	sa		
00:07:57.889	00:07:58.660	00:00:00.771	ri		
00:07:58.782	00:07:59.273	00:00:00.491	ni		
00:07:59.273	00:07:59.723	00:00:00.450	sa		
00:07:59.723	00:08:00.184	00:00:00.461	ri		
00:08:00.184	00:08:00.797	00:00:00.613	ga		
00:08:00.797	00:08:01.177	00:00:00.380	ma		
00:08:01.177	00:08:02.029	00:00:00.852	pa		
00:08:01.180	00:08:04.467	00:00:03.287			pa dha ni sa pa
00:08:02.029	00:08:02.520	00:00:00.491	dha		
00:08:02.520	00:08:02.992	00:00:00.472	 ni		
00:08:02.992	00:08:03.516	00:00:00.524	sa		
00:08:03.516	00:08:04.464	00:00:00.948	pa		
00:08:04.464	00:08:04.952	00:00:00.488	sa		
00:08:04.479	00:08:07.797	00:00:03.318			sa ni dha pa ma ga ri
00:08:04.952	00:08:05.512	00:00:00.560	ni		
00:08:05.512	00:08:06.045	00:00:00.533	dha		
00:08:06.045	00:08:06.421	00:00:00.376	pa		
00:08:06.421	00:08:06.881	00:00:00.460	ma		
00:08:06.881	00:08:07.354	00:00:00.473	ga		
00:08:07.354	00:08:07.797	00:00:00.443	ri		
00:08:07.797	00:08:08.350	00:00:00.553	sa		
00:08:08.350	00:08:08.767	00:00:00.417	pa		
00:08:08.767	00:08:09.250	00:00:00.483	ma		
00:08:09.250	00:08:09.667	00:00:00.417	ga		
00:08:09.667	00:08:10.138	00:00:00.471	ri		
00:08:10.138	00:08:11.047	00:00:00.909	ni		
00:08:10.147	00:08:12.129	00:00:01.982		ni sa ri	
00:08:11.047	00:08:11.549	00:00:00.502	sa		
00:08:11.549	00:08:12.132	00:00:00.583	ri		
00:08:12.321	00:08:12.898	00:00:00.577	ni		
00:08:12.898	00:08:13.361	00:00:00.463	sa		
00:08:13.361	00:08:14.266	00:00:00.905	ri		
00:08:14.266	00:08:14.730	00:00:00.464	ni		
00:08:14.730	00:08:15.172	00:00:00.442	sa		
00:08:15.172	00:08:15.612	00:00:00.440	ri		
00:08:15.612	00:08:16.077	00:00:00.465	ga		
00:08:16.077	00:08:16.548	00:00:00.471	ma		
00:08:16.546	00:08:19.808	00:00:03.262			pa dha ni sa pa
00:08:16.548	00:08:17.468	00:00:00.920	pa		
00:08:17.468	00:08:17.952	00:00:00.484	dha		
00:08:17.952	00:08:18.398	00:00:00.446	ni		
00:08:18.398	00:08:18.889	00:00:00.491	sa		
00:08:18.889	00:08:19.806	00:00:00.917	pa		
00:08:19.806	00:08:20.338	00:00:00.532	sa		
00:08:19.818	00:08:23.151	00:00:03.333			sa ni dha pa ma ga ri
00:08:20.338	00:08:20.811	00:00:00.473	ni		
00:08:20.811	00:08:21.243	00:00:00.432	dha		
00:08:21.243	00:08:21.655	00:00:00.412	pa		
00:08:21.655	00:08:22.161	00:00:00.506	ma		
00:08:22.161	00:08:22.620	00:00:00.459	ga		
00:08:22.620	00:08:23.149	00:00:00.529	ri		
00:08:23.149	00:08:23.741	00:00:00.592	ri		
00:08:23.150	00:08:25.596	00:00:02.446		ri sa ni	
00:08:23.741	00:08:24.561	00:00:00.820	sa		
00:08:24.561	00:08:25.596	00:00:01.035	ni		
00:08:25.596	00:08:26.033	00:00:00.437	ni		
00:08:25.596	00:08:27.713	00:00:02.117		ni dha	
00:08:26.033	00:08:27.713	00:00:01.680	dha		
00:08:28.881	00:08:30.422	00:00:01.541	ma		
00:08:28.885	00:08:31.516	00:00:02.631		ma pa	
00:08:30.422	00:08:31.516	00:00:01.094	pa		
00:08:32.103	00:08:33.067	00:00:00.964	dha		
00:08:32.103	00:08:34.865	00:00:02.762		dha ni sa	
00:08:33.067	00:08:33.878	00:00:00.811	ni		
00:08:33.878	00:08:34.865	00:00:00.987	sa		
00:08:36.585	00:08:39.630	00:00:03.045			ma pa ni dha ma
00:08:36.586	00:08:37.231	00:00:00.645	ma		
00:08:37.239	00:08:37.760	00:00:00.521	pa		
00:08:37.760	00:08:38.202	00:00:00.442	ni		
00:08:38.202	00:08:38.715	00:00:00.513	dha		
00:08:38.911	00:08:39.629	00:00:00.718	ma		
00:08:39.667	00:08:40.099	00:00:00.432	pa		
00:08:40.099	00:08:40.485	00:00:00.386	dha		
00:08:40.494	00:08:40.999	00:00:00.505	pa		
00:08:40.999	00:08:41.869	00:00:00.870	ma		
00:08:41.870	00:08:42.386	00:00:00.516	ga		
00:08:42.391	00:08:42.865	00:00:00.474	ri		
00:08:42.865	00:08:43.766	00:00:00.901	ga		
00:08:43.766	00:08:44.225	00:00:00.459	ma		
00:08:44.238	00:08:46.727	00:00:02.489	pa		
00:08:48.684	00:08:49.086	00:00:00.402	pa		
00:08:49.086	00:08:49.394	00:00:00.308	dha		
00:08:49.394	00:08:50.351	00:00:00.957	ma		
00:08:49.397	00:08:52.609	00:00:03.212			ma pa ni dha ma
00:08:50.351	00:08:50.818	00:00:00.467	pa		
00:08:50.818	00:08:51.164	00:00:00.346	ni		
00:08:51.164	00:08:51.515	00:00:00.351	dha		
00:08:51.870	00:08:52.610	00:00:00.740	ma		
00:08:52.671	00:08:53.108	00:00:00.437	pa		
00:08:53.108	00:08:53.623	00:00:00.515	dha		
00:08:53.623	00:08:54.056	00:00:00.433	pa		
00:08:54.056	00:08:54.930	00:00:00.874	ma		
00:08:54.935	00:08:55.383	00:00:00.448	ga		
00:08:55.383	00:08:55.645	00:00:00.262	ri		
00:08:55.922	00:08:56.900	00:00:00.978	ga		
00:08:56.900	00:08:57.329	00:00:00.429	ma		
00:08:57.342	00:08:58.324	00:00:00.982	pa		
00:08:58.321	00:09:00.594	00:00:02.273		ga ma pa	
00:08:58.324	00:08:58.736	00:00:00.412	ga		
00:08:58.740	00:08:59.272	00:00:00.532	ma		
00:08:59.272	00:09:00.594	00:00:01.322	pa		
00:09:01.811	00:09:02.082	00:00:00.271	pa		
00:09:02.082	00:09:02.438	00:00:00.356	dha		
00:09:02.453	00:09:05.795	00:00:03.342			ma pa ni dha ma
00:09:02.454	00:09:03.407	00:00:00.953	ma		
00:09:03.454	00:09:03.937	00:00:00.483	pa		
00:09:03.943	00:09:04.396	00:00:00.453	ni		
00:09:04.398	00:09:04.835	00:00:00.437	dha		
00:09:05.052	00:09:05.789	00:00:00.737	ma		
00:09:05.796	00:09:06.259	00:00:00.463	pa		
00:09:06.259	00:09:06.701	00:00:00.442	dha		
00:09:06.701	00:09:07.067	00:00:00.366	pa		
00:09:07.369	00:09:08.290	00:00:00.921	ma		
00:09:08.290	00:09:08.787	00:00:00.497	ga 		
00:09:08.787	00:09:09.069	00:00:00.282	ri		
00:09:09.069	00:09:09.976	00:00:00.907	ga		
00:09:09.976	00:09:10.562	00:00:00.586	ma		
00:09:10.562	00:09:12.093	00:00:01.531	pa		
00:09:13.878	00:09:14.543	00:00:00.665	dha		
00:09:14.891	00:09:15.225	00:00:00.334	pa		
00:09:15.225	00:09:15.614	00:00:00.389	dha		
00:09:15.614	00:09:16.438	00:00:00.824	ma		
00:09:15.618	00:09:18.891	00:00:03.273			ma pa ni dha ma
00:09:16.645	00:09:17.001	00:00:00.356	pa		
00:09:17.021	00:09:17.468	00:00:00.447	ni		
00:09:17.484	00:09:18.134	00:00:00.650	dha		
00:09:18.134	00:09:18.891	00:00:00.757	ma		
00:09:18.909	00:09:19.368	00:00:00.459	pa		
00:09:19.368	00:09:19.800	00:00:00.432	dha		
00:09:19.800	00:09:20.069	00:00:00.269	pa		
00:09:20.259	00:09:21.417	00:00:01.158	ma		
00:09:21.417	00:09:21.783	00:00:00.366	ga		
00:09:21.783	00:09:22.116	00:00:00.333	ri		
00:09:22.116	00:09:23.013	00:00:00.897	ga		
00:09:23.013	00:09:23.511	00:00:00.498	ma		
00:09:23.523	00:09:24.063	00:00:00.540	pa		
00:09:24.566	00:09:24.852	00:00:00.286	ga		
00:09:24.571	00:09:26.090	00:00:01.519		ga ma pa	
00:09:24.852	00:09:25.258	00:00:00.406	ma		
00:09:25.258	00:09:26.084	00:00:00.826	pa		
00:09:26.346	00:09:26.783	00:00:00.437	ga		
00:09:26.783	00:09:27.251	00:00:00.468	 pa		
00:09:27.251	00:09:27.666	00:00:00.415	 ma		
00:09:27.666	00:09:28.089	00:00:00.423	ga		
00:09:28.089	00:09:28.578	00:00:00.489	ri		
00:09:28.702	00:09:29.627	00:00:00.925	ni		
00:09:28.705	00:09:31.354	00:00:02.649		ni sa ri	
00:09:29.627	00:09:30.074	00:00:00.447	sa		
00:09:30.090	00:09:32.374	00:00:02.284	ri		
00:09:32.787	00:09:33.268	00:00:00.481	ga		
00:09:33.268	00:09:33.736	00:00:00.468	pa		
00:09:33.736	00:09:34.177	00:00:00.441	ma		
00:09:34.177	00:09:34.584	00:00:00.407	ga		
00:09:34.606	00:09:35.008	00:00:00.402	ri		
00:09:35.125	00:09:36.073	00:00:00.948	ni		
00:09:35.125	00:09:37.596	00:00:02.471		ni sa ri	
00:09:36.073	00:09:36.466	00:00:00.393	sa		
00:09:36.467	00:09:38.969	00:00:02.502	ri		
00:09:39.415	00:09:39.810	00:00:00.395	sa		
00:09:39.810	00:09:40.190	00:00:00.380	pa		
00:09:40.190	00:09:40.608	00:00:00.418	ma		
00:09:40.610	00:09:41.046	00:00:00.436	ga		
00:09:41.116	00:09:41.480	00:00:00.364	ri		
00:09:41.614	00:09:42.489	00:00:00.875	ni  		
00:09:41.614	00:09:43.562	00:00:01.948		ni sa ri	
00:09:42.489	00:09:42.952	00:00:00.463	sa		
00:09:42.952	00:09:43.561	00:00:00.609	ri		
00:09:43.874	00:09:44.391	00:00:00.517	ni		
00:09:44.391	00:09:44.839	00:00:00.448	sa		
00:09:44.839	00:09:45.706	00:00:00.867	ri		
00:09:45.706	00:09:46.204	00:00:00.498	ni		
00:09:46.204	00:09:46.606	00:00:00.402	sa		
00:09:46.606	00:09:46.965	00:00:00.359	ri		
00:09:47.210	00:09:47.497	00:00:00.287	ga		
00:09:47.497	00:09:47.759	00:00:00.262	ma		
00:09:48.077	00:09:48.884	00:00:00.807	pa		
00:09:48.081	00:09:51.265	00:00:03.184			pa dha ni sa pa
00:09:48.884	00:09:49.337	00:00:00.453	 dha		
00:09:49.337	00:09:49.779	00:00:00.442	ni		
00:09:49.779	00:09:50.277	00:00:00.498	sa		
00:09:50.277	00:09:51.265	00:00:00.988	 pa		
00:09:51.265	00:09:51.837	00:00:00.572	sa		
00:09:51.276	00:09:54.605	00:00:03.329			sa ni dha pa ma ga ri
00:09:51.837	00:09:52.264	00:00:00.427	ni		
00:09:52.264	00:09:52.749	00:00:00.485	dha		
00:09:52.749	00:09:53.184	00:00:00.435	pa		
00:09:53.184	00:09:53.648	00:00:00.464	 ma		
00:09:53.648	00:09:54.129	00:00:00.481	 ga		
00:09:54.129	00:09:54.599	00:00:00.470	ri		
00:09:54.599	00:09:54.632	00:00:00.033			
00:09:54.632	00:09:55.203	00:00:00.571	ri		
00:09:54.635	00:09:57.068	00:00:02.433		ri sa ni	
00:09:55.203	00:09:56.082	00:00:00.879	sa		
00:09:56.082	00:09:57.068	00:00:00.986	ni		
00:09:57.068	00:09:57.549	00:00:00.481	ni		
00:09:57.068	00:09:59.374	00:00:02.306		ni dha	
00:09:57.549	00:09:59.374	00:00:01.825	dha		
00:10:00.194	00:10:01.810	00:00:01.616	ma		
00:10:00.199	00:10:03.242	00:00:03.043		ma pa	
00:10:01.810	00:10:03.242	00:00:01.432	pa		
00:10:03.437	00:10:04.289	00:00:00.852	dha		
00:10:03.437	00:10:06.293	00:00:02.856		dha ni sa	
00:10:04.289	00:10:05.078	00:00:00.789	 ni		
00:10:05.078	00:10:06.293	00:00:01.215	sa		
00:10:07.614	00:10:08.483	00:00:00.869	 pa		
00:10:08.483	00:10:08.917	00:00:00.434	dha		
00:10:08.917	00:10:09.414	00:00:00.497	pa		
00:10:09.414	00:10:09.901	00:00:00.487	ma		
00:10:09.901	00:10:10.359	00:00:00.458	ga		
00:10:10.359	00:10:10.809	00:00:00.450	ri		
00:10:10.809	00:10:11.786	00:00:00.977	ga		
00:10:11.786	00:10:12.163	00:00:00.377	ma		
00:10:12.318	00:10:12.897	00:00:00.579	pa		
00:10:13.262	00:10:13.675	00:00:00.413	ma		
00:10:13.675	00:10:14.160	00:00:00.485	ga		
00:10:14.160	00:10:15.065	00:00:00.905	ri		
00:10:15.065	00:10:15.558	00:00:00.493	ga		
00:10:15.558	00:10:16.558	00:00:01.000	ma		
00:10:16.558	00:10:16.987	00:00:00.429	ga		
00:10:16.987	00:10:17.364	00:00:00.377	ri		
00:10:17.523	00:10:18.307	00:00:00.784	ni		
00:10:17.527	00:10:20.159	00:00:02.632		ni sa ri	
00:10:18.307	00:10:18.744	00:00:00.437	sa		
00:10:18.774	00:10:20.157	00:00:01.383	 ri		
00:10:20.634	00:10:21.580	00:00:00.946	ga		
00:10:21.580	00:10:22.090	00:00:00.510	ma		
00:10:22.090	00:10:22.578	00:00:00.488	ga		
00:10:22.578	00:10:22.930	00:00:00.352	ri		
00:10:22.930	00:10:23.885	00:00:00.955	sa		
00:10:24.463	00:10:24.909	00:00:00.446	pa		
00:10:24.909	00:10:25.346	00:00:00.437	ma		
00:10:25.346	00:10:25.737	00:00:00.391	ga		
00:10:25.737	00:10:26.147	00:00:00.410	ri		
00:10:26.147	00:10:27.015	00:00:00.868	sa		
00:10:27.108	00:10:28.034	00:00:00.926	ga		
00:10:28.034	00:10:28.555	00:00:00.521	pa		
00:10:28.555	00:10:29.010	00:00:00.455	ga		
00:10:29.010	00:10:29.368	00:00:00.358	ri		
00:10:29.376	00:10:30.240	00:00:00.864	sa		
00:10:30.817	00:10:31.238	00:00:00.421	pa		
00:10:31.238	00:10:31.681	00:00:00.443	ma		
00:10:31.681	00:10:32.180	00:00:00.499	ga		
00:10:32.180	00:10:32.601	00:00:00.421	ri		
00:10:32.601	00:10:33.299	00:00:00.698	sa		
00:10:33.532	00:10:34.008	00:00:00.476	ri		
00:10:34.008	00:10:34.873	00:00:00.865	sa		
00:10:34.873	00:10:35.909	00:00:01.036	ni		
00:10:34.881	00:10:37.332	00:00:02.451		ni dha pa	
00:10:35.909	00:10:36.391	00:00:00.482	dha		
00:10:36.391	00:10:37.322	00:00:00.931	 pa		
00:10:37.322	00:10:38.194	00:00:00.872	ma		
00:10:38.194	00:10:38.861	00:00:00.667	ga		
00:10:38.861	00:10:39.562	00:00:00.701	ri		
00:10:39.562	00:10:39.938	00:00:00.376	sa		
00:10:40.056	00:10:40.226	00:00:00.170	pa		
00:10:40.515	00:10:40.692	00:00:00.177	dha		
00:10:40.727	00:10:40.905	00:00:00.178	pa		
00:10:40.905	00:10:41.108	00:00:00.203	 ma		
00:10:41.108	00:10:41.310	00:00:00.202	 ga		
00:10:41.310	00:10:41.526	00:00:00.216	 ri		
00:10:41.526	00:10:42.008	00:00:00.482	 ga		
00:10:42.008	00:10:42.229	00:00:00.221	ma		
00:10:42.229	00:10:42.407	00:00:00.178	pa		
00:10:42.640	00:10:42.875	00:00:00.235	ma		
00:10:42.875	00:10:43.060	00:00:00.185	 ga		
00:10:43.060	00:10:43.271	00:00:00.211	 ri		
00:10:43.502	00:10:43.725	00:00:00.223	ga 		
00:10:43.725	00:10:44.017	00:00:00.292	ma		
00:10:44.173	00:10:44.385	00:00:00.212	ga		
00:10:44.385	00:10:44.585	00:00:00.200	   ri		
00:10:44.585	00:10:44.952	00:00:00.367	 ni		
00:10:44.952	00:10:45.207	00:00:00.255	sa		
00:10:45.207	00:10:45.406	00:00:00.199	ri		
00:10:46.082	00:10:46.523	00:00:00.441	pa		
00:10:46.523	00:10:46.753	00:00:00.230	dha		
00:10:46.753	00:10:46.948	00:00:00.195	pa		
00:10:46.948	00:10:47.186	00:00:00.238	ma		
00:10:47.186	00:10:47.376	00:00:00.190	ga		
00:10:47.376	00:10:47.591	00:00:00.215	 ri		
00:10:47.591	00:10:48.008	00:00:00.417	 ga		
00:10:48.008	00:10:48.234	00:00:00.226	ma		
00:10:48.234	00:10:48.479	00:00:00.245	pa		
00:10:48.627	00:10:48.852	00:00:00.225	ma		
00:10:48.852	00:10:49.045	00:00:00.193	ga		
00:10:49.045	00:10:49.485	00:00:00.440	 ri		
00:10:49.485	00:10:49.696	00:00:00.211	 ga		
00:10:49.696	00:10:50.131	00:00:00.435	 ma		
00:10:50.131	00:10:50.350	00:00:00.219	 ga		
00:10:50.350	00:10:50.574	00:00:00.224	 ri		
00:10:50.574	00:10:50.956	00:00:00.382	ni		
00:10:50.956	00:10:51.211	00:00:00.255	sa		
00:10:51.211	00:10:51.455	00:00:00.244	 ri		
00:10:52.034	00:10:52.493	00:00:00.459	ga		
00:10:52.493	00:10:52.701	00:00:00.208	 ma		
00:10:52.701	00:10:52.917	00:00:00.216	 ga		
00:10:52.917	00:10:53.131	00:00:00.214	 ri		
00:10:53.131	00:10:53.757	00:00:00.626	sa		
00:10:53.762	00:10:53.995	00:00:00.233	pa		
00:10:53.995	00:10:54.194	00:00:00.199	ma		
00:10:54.194	00:10:54.376	00:00:00.182	ga		
00:10:54.376	00:10:54.588	00:00:00.212	ri		
00:10:54.588	00:10:54.815	00:00:00.227	sa		
00:10:54.974	00:10:55.403	00:00:00.429	ga		
00:10:55.403	00:10:55.641	00:00:00.238	ma		
00:10:55.641	00:10:55.827	00:00:00.186	 ga		
00:10:55.827	00:10:56.025	00:00:00.198	 ri		
00:10:56.025	00:10:56.316	00:00:00.291	 sa		
00:10:56.645	00:10:56.857	00:00:00.212	pa		
00:10:56.857	00:10:57.086	00:00:00.229	ma		
00:10:57.086	00:10:57.281	00:00:00.195	ga		
00:10:57.281	00:10:57.476	00:00:00.195	ri		
00:10:57.476	00:10:57.909	00:00:00.433	sa		
00:10:57.909	00:10:58.098	00:00:00.189	ri		
00:10:58.098	00:10:58.370	00:00:00.272	sa		
00:10:58.515	00:10:58.943	00:00:00.428	ni		
00:10:58.943	00:10:59.125	00:00:00.182	dha		
00:10:59.125	00:10:59.342	00:00:00.217	pa		
00:10:59.541	00:10:59.829	00:00:00.288	ma		
00:10:59.952	00:11:00.209	00:00:00.257	ga		
00:11:00.209	00:11:00.544	00:00:00.335	ri		
00:11:00.588	00:11:00.821	00:00:00.233	sa		
00:11:00.844	00:11:01.941	00:00:01.097	ni		
00:11:02.961	00:11:03.562	00:00:00.601	ni		
00:11:02.965	00:11:05.917	00:00:02.952		ni dha	
00:11:03.562	00:11:05.913	00:00:02.351	dha   		
00:11:06.145	00:11:07.627	00:00:01.482	ma		
00:11:06.145	00:11:09.159	00:00:03.014		ma pa	
00:11:07.627	00:11:09.159	00:00:01.532	pa		
00:11:09.366	00:11:10.268	00:00:00.902	dha		
00:11:09.366	00:11:11.938	00:00:02.572		dha ni sa	
00:11:10.268	00:11:10.865	00:00:00.597	ni		
00:11:10.865	00:11:11.938	00:00:01.073	sa		
00:11:13.436	00:11:14.333	00:00:00.897	pa		
00:11:14.333	00:11:14.819	00:00:00.486	dha		
00:11:14.826	00:11:15.207	00:00:00.381	pa		
00:11:15.207	00:11:15.745	00:00:00.538	ma		
00:11:15.745	00:11:16.193	00:00:00.448	ga		
00:11:16.193	00:11:16.609	00:00:00.416	ri		
00:11:16.609	00:11:17.596	00:00:00.987	 ga		
00:11:17.596	00:11:18.039	00:00:00.443	ma		
00:11:18.039	00:11:18.909	00:00:00.870	pa		
00:11:19.138	00:11:19.441	00:00:00.303	ma		
00:11:19.441	00:11:19.862	00:00:00.421	ga		
00:11:19.862	00:11:20.716	00:00:00.854	ri		
00:11:20.716	00:11:21.129	00:00:00.413	ga		
00:11:21.129	00:11:22.247	00:00:01.118	ma		
00:11:22.285	00:11:22.607	00:00:00.322	ga		
00:11:22.607	00:11:22.895	00:00:00.288	ri		
00:11:23.017	00:11:23.912	00:00:00.895	ni		
00:11:23.017	00:11:25.103	00:00:02.086		ni sa ri	
00:11:23.912	00:11:24.344	00:00:00.432	sa		
00:11:24.344	00:11:25.103	00:00:00.759	ri		
00:11:26.134	00:11:27.121	00:00:00.987	ga		
00:11:27.121	00:11:27.570	00:00:00.449	ma		
00:11:27.570	00:11:28.063	00:00:00.493	ga		
00:11:28.063	00:11:28.479	00:00:00.416	ri		
00:11:28.658	00:11:29.620	00:00:00.962	sa		
00:11:31.294	00:11:31.624	00:00:00.330	ri		
00:11:31.624	00:11:32.129	00:00:00.505	ni		
00:11:32.129	00:11:32.555	00:00:00.426	sa		
00:11:32.555	00:11:33.424	00:00:00.869	ga		
00:11:33.424	00:11:33.886	00:00:00.462	ma		
00:11:33.886	00:11:34.395	00:00:00.509	ga		
00:11:34.395	00:11:34.865	00:00:00.470	ri		
00:11:34.865	00:11:35.419	00:00:00.554	sa		
00:11:36.239	00:11:36.640	00:00:00.401	pa		
00:11:36.640	00:11:37.073	00:00:00.433	ma		
00:11:37.073	00:11:37.523	00:00:00.450	ga		
00:11:37.523	00:11:37.990	00:00:00.467	ri		
00:11:37.990	00:11:38.470	00:00:00.480	sa		
00:11:39.002	00:11:39.452	00:00:00.450	ri		
00:11:39.452	00:11:40.272	00:00:00.820	sa		
00:11:40.272	00:11:41.203	00:00:00.931	ni		
00:11:40.274	00:11:42.486	00:00:02.212		ni dha pa	
00:11:41.203	00:11:41.647	00:00:00.444	dha		
00:11:41.647	00:11:42.483	00:00:00.836	pa		
00:11:42.483	00:11:43.440	00:00:00.957	ma		
00:11:43.440	00:11:44.094	00:00:00.654	ga		
00:11:44.094	00:11:44.692	00:00:00.598	ri		
00:11:44.692	00:11:45.091	00:00:00.399	sa		
00:11:45.285	00:11:45.463	00:00:00.178	pa		
00:11:45.735	00:11:45.962	00:00:00.227	dha		
00:11:45.962	00:11:46.142	00:00:00.180	pa		
00:11:46.142	00:11:46.322	00:00:00.180	 ma		
00:11:46.322	00:11:46.516	00:00:00.194	ga		
00:11:46.571	00:11:46.785	00:00:00.214	ri		
00:11:46.785	00:11:47.140	00:00:00.355	 ga		
00:11:47.225	00:11:47.437	00:00:00.212	ma		
00:11:47.437	00:11:47.646	00:00:00.209	pa		
00:11:47.844	00:11:48.067	00:00:00.223	ma		
00:11:48.067	00:11:48.285	00:00:00.218	ga		
00:11:48.285	00:11:48.480	00:00:00.195	ri		
00:11:48.718	00:11:48.953	00:00:00.235	ga		
00:11:48.953	00:11:49.339	00:00:00.386	ma		
00:11:49.381	00:11:49.593	00:00:00.212	ga		
00:11:49.593	00:11:49.805	00:00:00.212	ri		
00:11:49.805	00:11:50.225	00:00:00.420	ni		
00:11:50.225	00:11:50.476	00:00:00.251	sa		
00:11:50.476	00:11:50.936	00:00:00.460	ri		
00:11:51.285	00:11:51.762	00:00:00.477	ga		
00:11:51.762	00:11:51.961	00:00:00.199	ma		
00:11:51.961	00:11:52.168	00:00:00.207	ga		
00:11:52.168	00:11:52.394	00:00:00.226	ri		
00:11:52.394	00:11:52.774	00:00:00.380	sa		
00:11:53.008	00:11:53.237	00:00:00.229	pa		
00:11:53.237	00:11:53.463	00:00:00.226	ma		
00:11:53.463	00:11:53.627	00:00:00.164	ga		
00:11:53.627	00:11:53.844	00:00:00.217	ri		
00:11:53.844	00:11:54.033	00:00:00.189	sa		
00:11:54.251	00:11:54.701	00:00:00.450	ga		
00:11:54.701	00:11:54.896	00:00:00.195	ma		
00:11:54.896	00:11:55.091	00:00:00.195	ga		
00:11:55.091	00:11:55.316	00:00:00.225	ri		
00:11:55.316	00:11:55.738	00:00:00.422	sa		
00:11:55.913	00:11:56.159	00:00:00.246	pa		
00:11:56.159	00:11:56.346	00:00:00.187	ma		
00:11:56.346	00:11:56.523	00:00:00.177	ga		
00:11:56.523	00:11:56.731	00:00:00.208	ri		
00:11:56.731	00:11:56.979	00:00:00.248	sa		
00:11:57.190	00:11:57.454	00:00:00.264	ri		
00:11:57.454	00:11:57.857	00:00:00.403	sa		
00:11:57.857	00:11:58.264	00:00:00.407	ni		
00:11:58.264	00:11:58.502	00:00:00.238	dha		
00:11:58.502	00:11:58.927	00:00:00.425	pa		
00:11:58.927	00:11:59.329	00:00:00.402	ma		
00:11:59.329	00:11:59.567	00:00:00.238	ga		
00:11:59.567	00:11:59.962	00:00:00.395	ri		
00:12:00.021	00:12:00.393	00:00:00.372	sa		
00:12:00.393	00:12:01.177	00:00:00.784	ni		
00:12:02.515	00:12:03.160	00:00:00.645	ni		
00:12:02.515	00:12:04.717	00:00:02.202		ni dha	
00:12:03.160	00:12:04.717	00:00:01.557	dha		
00:12:05.723	00:12:07.773	00:00:02.050	ma		
00:12:05.727	00:12:08.504	00:00:02.777		ma pa	
00:12:07.773	00:12:08.504	00:00:00.731	pa		
00:12:09.164	00:12:09.930	00:00:00.766	dha		
00:12:09.164	00:12:11.918	00:00:02.754		dha ni sa	
00:12:09.930	00:12:10.497	00:00:00.567	ni		
00:12:10.497	00:12:11.918	00:00:01.421	sa		
00:12:13.037	00:12:13.436	00:00:00.399	dha		
00:12:13.436	00:12:13.869	00:00:00.433	pa		
00:12:13.869	00:12:14.350	00:00:00.481	ni		
00:12:14.350	00:12:15.298	00:00:00.948	dha		
00:12:15.298	00:12:15.692	00:00:00.394	pa		
00:12:15.692	00:12:16.177	00:00:00.485	ma		
00:12:16.177	00:12:16.850	00:00:00.673	ga		
00:12:16.850	00:12:17.471	00:00:00.621	ri		
00:12:17.523	00:12:17.995	00:00:00.472	ga		
00:12:17.995	00:12:18.454	00:00:00.459	ma		
00:12:18.454	00:12:18.861	00:00:00.407	pa		
00:12:18.861	00:12:19.316	00:00:00.455	dha		
00:12:19.316	00:12:21.558	00:00:02.242	pa		
00:12:21.558	00:12:21.917	00:00:00.359	ma		
00:12:21.917	00:12:22.415	00:00:00.498	ga		
00:12:22.415	00:12:22.887	00:00:00.472	ma		
00:12:22.887	00:12:23.311	00:00:00.424	pa		
00:12:23.311	00:12:23.774	00:00:00.463	ma		
00:12:23.774	00:12:24.207	00:00:00.433	ga		
00:12:24.207	00:12:24.480	00:00:00.273	ri		
00:12:24.649	00:12:25.099	00:00:00.450	ga		
00:12:25.099	00:12:25.567	00:00:00.468	ma		
00:12:25.567	00:12:26.922	00:00:01.355	ga		
00:12:27.826	00:12:28.433	00:00:00.607	ri		
00:12:28.433	00:12:28.740	00:00:00.307	ga		
00:12:28.740	00:12:29.185	00:00:00.445	ma		
00:12:29.185	00:12:29.658	00:00:00.473	ga		
00:12:29.658	00:12:30.082	00:00:00.424	ri		
00:12:30.082	00:12:30.502	00:00:00.420	ga		
00:12:30.502	00:12:30.995	00:00:00.493	sa		
00:12:30.995	00:12:31.454	00:00:00.459	ri		
00:12:31.454	00:12:31.864	00:00:00.410	ni		
00:12:31.864	00:12:33.596	00:00:01.732	sa		
00:12:34.091	00:12:34.736	00:00:00.645	ga		
00:12:34.736	00:12:35.043	00:00:00.307	ri		
00:12:35.043	00:12:35.534	00:00:00.491	sa		
00:12:35.054	00:12:38.253	00:00:03.199			sa ni dha pa ma ga ri
00:12:35.534	00:12:35.997	00:00:00.463	ni		
00:12:35.997	00:12:36.484	00:00:00.487	dha		
00:12:36.484	00:12:36.891	00:00:00.407	pa		
00:12:36.891	00:12:37.385	00:00:00.494	ma		
00:12:37.385	00:12:37.898	00:00:00.513	ga		
00:12:37.898	00:12:38.251	00:00:00.353	ri		
00:12:38.315	00:12:40.579	00:00:02.264		ri sa ni	
00:12:38.316	00:12:38.753	00:00:00.437	ri		
00:12:38.753	00:12:39.727	00:00:00.974	sa		
00:12:39.727	00:12:40.573	00:00:00.846	ni		
00:12:40.662	00:12:41.307	00:00:00.645	ni		
00:12:40.662	00:12:43.380	00:00:02.718		ni dha	
00:12:41.307	00:12:43.380	00:00:02.073	dha		
00:12:43.910	00:12:44.861	00:00:00.951	ma		
00:12:43.910	00:12:46.305	00:00:02.395		ma pa	
00:12:44.861	00:12:46.305	00:00:01.444	pa		
00:12:46.971	00:12:47.902	00:00:00.931	dha		
00:12:46.971	00:12:49.798	00:00:02.827		dha ni sa	
00:12:47.902	00:12:48.571	00:00:00.669	ni		
00:12:48.571	00:12:49.798	00:00:01.227	sa		
00:12:51.004	00:12:51.528	00:00:00.524	dha		
00:12:51.528	00:12:51.887	00:00:00.359	pa		
00:12:51.887	00:12:52.347	00:00:00.460	ni		
00:12:52.347	00:12:53.285	00:00:00.938	dha		
00:12:53.285	00:12:53.711	00:00:00.426	pa		
00:12:53.711	00:12:54.043	00:00:00.332	ma		
00:12:54.043	00:12:54.811	00:00:00.768	ga		
00:12:54.811	00:12:55.499	00:00:00.688	ri		
00:12:55.499	00:12:55.935	00:00:00.436	ga		
00:12:55.935	00:12:56.541	00:00:00.606	ma		
00:12:56.541	00:12:56.895	00:00:00.354	pa		
00:12:56.895	00:12:57.283	00:00:00.388	dha		
00:12:57.283	00:12:59.484	00:00:02.201	pa		
00:12:59.484	00:12:59.954	00:00:00.470	ma		
00:12:59.954	00:13:00.442	00:00:00.488	ga		
00:13:00.442	00:13:00.861	00:00:00.419	ma		
00:13:00.861	00:13:01.329	00:00:00.468	pa		
00:13:01.329	00:13:01.761	00:00:00.432	ma		
00:13:01.761	00:13:02.225	00:00:00.464	ga		
00:13:02.225	00:13:02.632	00:00:00.407	ri		
00:13:02.632	00:13:03.081	00:00:00.449	ga		
00:13:03.081	00:13:03.569	00:00:00.488	ma		
00:13:03.569	00:13:04.740	00:00:01.171	ga		
00:13:05.775	00:13:06.266	00:00:00.491	ri		
00:13:06.266	00:13:06.705	00:00:00.439	ga		
00:13:06.705	00:13:07.163	00:00:00.458	ma		
00:13:07.163	00:13:07.632	00:00:00.469	ga		
00:13:07.632	00:13:08.050	00:00:00.418	ri		
00:13:08.050	00:13:08.604	00:00:00.554	ga		
00:13:08.604	00:13:09.003	00:00:00.399	sa		
00:13:09.003	00:13:09.491	00:00:00.488	ri		
00:13:09.491	00:13:09.923	00:00:00.432	ni		
00:13:09.923	00:13:12.138	00:00:02.215	sa		
00:13:12.138	00:13:12.783	00:00:00.645	ga		
00:13:12.783	00:13:13.138	00:00:00.355	ri		
00:13:13.138	00:13:13.549	00:00:00.411	sa		
00:13:13.141	00:13:16.206	00:00:03.065			sa ni dha pa ma ga ri
00:13:13.549	00:13:14.047	00:00:00.498	ni		
00:13:14.047	00:13:14.435	00:00:00.388	dha		
00:13:14.435	00:13:14.856	00:00:00.421	pa		
00:13:14.856	00:13:15.322	00:00:00.466	ma		
00:13:15.322	00:13:15.765	00:00:00.443	ga		
00:13:15.765	00:13:16.220	00:00:00.455	ri		
00:13:16.220	00:13:16.714	00:00:00.494	ri		
00:13:16.227	00:13:18.434	00:00:02.207		ri sa ni	
00:13:16.714	00:13:17.588	00:00:00.874	sa		
00:13:17.588	00:13:18.425	00:00:00.837	ni		
00:13:18.625	00:13:19.155	00:00:00.530	ni		
00:13:18.625	00:13:20.960	00:00:02.335		ni dha	
00:13:19.155	00:13:20.960	00:00:01.805	dha		
00:13:21.858	00:13:23.030	00:00:01.172	ma		
00:13:21.858	00:13:24.695	00:00:02.837		ma pa	
00:13:23.030	00:13:24.695	00:00:01.665	pa		
00:13:25.060	00:13:26.025	00:00:00.965	dha		
00:13:25.060	00:13:27.675	00:00:02.615		dha ni sa	
00:13:26.025	00:13:26.610	00:00:00.585	ni		
00:13:26.610	00:13:27.671	00:00:01.061	sa		
00:13:29.121	00:13:30.043	00:00:00.922	ni		
00:13:30.043	00:13:30.545	00:00:00.502	ri		
00:13:30.545	00:13:30.970	00:00:00.425	sa		
00:13:30.970	00:13:31.367	00:00:00.397	ri		
00:13:31.411	00:13:31.835	00:00:00.424	ni		
00:13:31.419	00:13:34.038	00:00:02.619			ni ri ni dha pa
00:13:31.835	00:13:32.355	00:00:00.520	ri		
00:13:32.355	00:13:33.208	00:00:00.853	ni		
00:13:32.356	00:13:34.040	00:00:01.684		ni dha pa	
00:13:33.208	00:13:33.640	00:00:00.432	dha		
00:13:33.640	00:13:34.039	00:00:00.399	pa		
00:13:34.039	00:13:34.562	00:00:00.523	dha		
00:13:34.562	00:13:34.978	00:00:00.416	ma		
00:13:34.564	00:13:36.711	00:00:02.147			ma pa ga ri
00:13:34.978	00:13:35.407	00:00:00.429	pa		
00:13:35.407	00:13:36.329	00:00:00.922	ga		
00:13:36.329	00:13:36.709	00:00:00.380	ri		
00:13:36.770	00:13:37.215	00:00:00.445	sa		
00:13:37.215	00:13:37.671	00:00:00.456	ri		
00:13:37.671	00:13:37.985	00:00:00.314	ni		
00:13:37.985	00:13:38.450	00:00:00.465	sa		
00:13:38.640	00:13:39.034	00:00:00.394	ri		
00:13:39.034	00:13:39.484	00:00:00.450	ga		
00:13:39.484	00:13:39.891	00:00:00.407	ma		
00:13:39.891	00:13:40.529	00:00:00.638	pa		
00:13:40.844	00:13:41.272	00:00:00.428	ma		
00:13:41.272	00:13:41.698	00:00:00.426	pa		
00:13:41.698	00:13:42.156	00:00:00.458	sa		
00:13:41.699	00:13:45.545	00:00:03.846			sa ni dha pa ma ga ri
00:13:42.156	00:13:42.610	00:00:00.454	ni		
00:13:42.610	00:13:43.116	00:00:00.506	dha		
00:13:43.116	00:13:43.982	00:00:00.866	pa		
00:13:43.982	00:13:44.381	00:00:00.399	ma		
00:13:44.381	00:13:44.870	00:00:00.489	ga		
00:13:44.870	00:13:45.539	00:00:00.669	ri		
00:13:45.539	00:13:46.222	00:00:00.683	sa		
00:13:46.222	00:13:47.251	00:00:01.029	ni		
00:13:47.251	00:13:47.516	00:00:00.265	dha		
00:13:47.516	00:13:47.969	00:00:00.453	ni		
00:13:48.026	00:13:48.486	00:00:00.460	sa		
00:13:48.486	00:13:48.930	00:00:00.444	ri		
00:13:48.930	00:13:49.415	00:00:00.485	ga		
00:13:49.415	00:13:49.839	00:00:00.424	ma		
00:13:49.422	00:13:52.266	00:00:02.844		ma pa ma ga ri	
00:13:49.839	00:13:50.301	00:00:00.462	pa		
00:13:50.301	00:13:50.749	00:00:00.448	ma		
00:13:50.749	00:13:51.242	00:00:00.493	ga		
00:13:51.242	00:13:52.259	00:00:01.017	ri		
00:13:54.238	00:13:55.129	00:00:00.891	ni		
00:13:55.129	00:13:55.636	00:00:00.507	ri		
00:13:55.636	00:13:55.991	00:00:00.355	sa		
00:13:55.991	00:13:56.424	00:00:00.433	ri		
00:13:56.424	00:13:56.848	00:00:00.424	ni		
00:13:56.425	00:13:59.083	00:00:02.658			ni ri ni dha pa
00:13:56.848	00:13:57.336	00:00:00.488	ri		
00:13:57.336	00:13:58.216	00:00:00.880	ni		
00:13:57.339	00:13:59.083	00:00:01.744		ni dha pa	
00:13:58.216	00:13:58.627	00:00:00.411	dha		
00:13:58.627	00:13:59.078	00:00:00.451	pa		
00:13:59.078	00:13:59.546	00:00:00.468	dha		
00:13:59.546	00:13:59.956	00:00:00.410	ma		
00:13:59.551	00:14:01.785	00:00:02.234			ma pa ga ri
00:13:59.956	00:14:00.428	00:00:00.472	pa		
00:14:00.428	00:14:01.318	00:00:00.890	ga		
00:14:01.318	00:14:01.783	00:00:00.465	ri		
00:14:01.783	00:14:02.186	00:00:00.403	sa		
00:14:02.186	00:14:02.649	00:00:00.463	ri		
00:14:02.649	00:14:03.116	00:00:00.467	ni		
00:14:03.116	00:14:03.449	00:00:00.333	sa		
00:14:03.615	00:14:04.069	00:00:00.454	ri		
00:14:04.069	00:14:04.458	00:00:00.389	ga		
00:14:04.458	00:14:04.917	00:00:00.459	ma		
00:14:04.917	00:14:05.525	00:00:00.608	pa		
00:14:05.813	00:14:06.261	00:00:00.448	ma		
00:14:06.261	00:14:06.770	00:00:00.509	pa		
00:14:06.770	00:14:07.220	00:00:00.450	sa		
00:14:06.774	00:14:10.607	00:00:03.833			sa ni dha pa ma ga ri
00:14:07.220	00:14:07.709	00:00:00.489	ni		
00:14:07.709	00:14:08.207	00:00:00.498	dha		
00:14:08.207	00:14:09.078	00:00:00.871	pa		
00:14:09.078	00:14:09.471	00:00:00.393	ma		
00:14:09.471	00:14:10.025	00:00:00.554	ga		
00:14:10.025	00:14:10.606	00:00:00.581	ri		
00:14:10.606	00:14:11.181	00:00:00.575	sa		
00:14:11.347	00:14:12.277	00:00:00.930	ni		
00:14:12.277	00:14:12.688	00:00:00.411	dha		
00:14:12.688	00:14:13.129	00:00:00.441	ni		
00:14:13.129	00:14:13.607	00:00:00.478	sa		
00:14:13.607	00:14:14.013	00:00:00.406	ri		
00:14:14.013	00:14:14.493	00:00:00.480	ga		
00:14:14.493	00:14:14.917	00:00:00.424	ma		
00:14:14.498	00:14:17.073	00:00:02.575		ma pa ma ga ri	
00:14:14.917	00:14:15.394	00:00:00.477	pa		
00:14:15.394	00:14:15.840	00:00:00.446	ma		
00:14:15.840	00:14:16.347	00:00:00.507	ga		
00:14:16.347	00:14:17.076	00:00:00.729	ri		
00:14:18.528	00:14:18.870	00:00:00.342	ri		
00:14:18.870	00:14:19.402	00:00:00.532	sa		
00:14:19.402	00:14:19.813	00:00:00.411	ri		
00:14:19.813	00:14:20.244	00:00:00.431	ga		
00:14:20.244	00:14:20.723	00:00:00.479	ma		
00:14:20.723	00:14:21.619	00:00:00.896	pa		
00:14:21.619	00:14:22.138	00:00:00.519	sa		
00:14:22.138	00:14:22.554	00:00:00.416	ri		
00:14:22.554	00:14:23.008	00:00:00.454	ga		
00:14:23.008	00:14:23.407	00:00:00.399	ma		
00:14:23.407	00:14:23.835	00:00:00.428	pa		
00:14:23.835	00:14:24.461	00:00:00.626	dha		
00:14:24.756	00:14:25.116	00:00:00.360	ma		
00:14:25.116	00:14:25.651	00:00:00.535	pa		
00:14:25.651	00:14:26.117	00:00:00.466	ga		
00:14:26.117	00:14:26.471	00:00:00.354	ri		
00:14:26.471	00:14:26.926	00:00:00.455	ga		
00:14:26.926	00:14:27.626	00:00:00.700	ma		
00:14:27.816	00:14:28.242	00:00:00.426	pa		
00:14:28.242	00:14:28.679	00:00:00.437	ma		
00:14:28.679	00:14:29.099	00:00:00.420	pa		
00:14:29.099	00:14:29.510	00:00:00.411	dha		
00:14:29.101	00:14:31.395	00:00:02.294		dha ni sa pa	
00:14:29.510	00:14:29.943	00:00:00.433	ni		
00:14:29.943	00:14:30.891	00:00:00.948	sa		
00:14:30.891	00:14:31.394	00:00:00.503	pa		
00:14:31.394	00:14:31.731	00:00:00.337	dha		
00:14:31.731	00:14:32.155	00:00:00.424	ni		
00:14:32.385	00:14:32.775	00:00:00.390	sa		
00:14:32.775	00:14:33.149	00:00:00.374	ri		
00:14:33.149	00:14:33.974	00:00:00.825	ga		
00:14:33.974	00:14:34.404	00:00:00.430	ma		
00:14:34.404	00:14:34.848	00:00:00.444	ga		
00:14:34.848	00:14:35.510	00:00:00.662	ri		
00:14:35.510	00:14:36.181	00:00:00.671	sa		
00:14:36.178	00:14:37.671	00:00:01.493		ni dha pa	
00:14:36.181	00:14:37.042	00:00:00.861	ni		
00:14:37.042	00:14:37.467	00:00:00.425	dha		
00:14:37.467	00:14:37.670	00:00:00.203	pa		
00:14:37.926	00:14:38.446	00:00:00.520	pa		
00:14:38.446	00:14:40.134	00:00:01.688	ri		
00:14:40.134	00:14:40.555	00:00:00.421	sa		
00:14:40.555	00:14:40.974	00:00:00.419	ni		
00:14:40.974	00:14:41.625	00:00:00.651	dha		
00:14:41.625	00:14:43.329	00:00:01.704	pa		
00:14:43.329	00:14:43.783	00:00:00.454	ga		
00:14:43.783	00:14:44.089	00:00:00.306	ri		
00:14:44.089	00:14:44.549	00:00:00.460	ri		
00:14:44.092	00:14:46.356	00:00:02.264		ri sa ni	
00:14:44.549	00:14:45.305	00:00:00.756	sa		
00:14:45.316	00:14:46.357	00:00:01.041	ni		
00:14:46.357	00:14:46.965	00:00:00.608	ni		
00:14:46.357	00:14:48.513	00:00:02.156		ni dha	
00:14:46.965	00:14:48.513	00:00:01.548	dha		
00:14:49.801	00:14:50.983	00:00:01.182	ma		
00:14:49.801	00:14:52.460	00:00:02.659		ma pa	
00:14:50.983	00:14:52.460	00:00:01.477	pa		
00:14:52.460	00:14:53.320	00:00:00.860	dha		
00:14:52.460	00:14:55.384	00:00:02.924		dha ni sa	
00:14:53.320	00:14:53.965	00:00:00.645	ni		
00:14:53.965	00:14:55.384	00:00:01.419	sa		
00:14:56.268	00:14:57.248	00:00:00.980	ni		
00:14:57.248	00:14:57.755	00:00:00.507	ri		
00:14:57.755	00:14:58.143	00:00:00.388	sa		
00:14:58.143	00:14:58.576	00:00:00.433	ri		
00:14:58.576	00:14:58.982	00:00:00.406	ni		
00:14:58.585	00:15:01.143	00:00:02.558			ni ri ni dha pa
00:14:58.982	00:14:59.434	00:00:00.452	ri		
00:14:59.434	00:15:00.385	00:00:00.951	ni		
00:15:00.385	00:15:00.781	00:00:00.396	dha		
00:15:00.781	00:15:01.141	00:00:00.360	pa		
00:15:01.141	00:15:01.639	00:00:00.498	dha		
00:15:01.639	00:15:02.052	00:00:00.413	ma		
00:15:01.644	00:15:03.834	00:00:02.190			ma pa ga ri
00:15:02.052	00:15:02.497	00:00:00.445	pa		
00:15:02.497	00:15:03.394	00:00:00.897	ga		
00:15:03.398	00:15:03.829	00:00:00.431	ri		
00:15:03.829	00:15:04.294	00:00:00.465	sa		
00:15:04.294	00:15:04.770	00:00:00.476	ri		
00:15:04.770	00:15:05.203	00:00:00.433	ni		
00:15:05.203	00:15:05.610	00:00:00.407	sa		
00:15:05.857	00:15:06.181	00:00:00.324	ri		
00:15:06.181	00:15:06.588	00:00:00.407	ga		
00:15:06.588	00:15:06.975	00:00:00.387	ma		
00:15:06.975	00:15:07.632	00:00:00.657	pa		
00:15:07.891	00:15:08.331	00:00:00.440	ma		
00:15:08.331	00:15:08.682	00:00:00.351	pa		
00:15:08.682	00:15:09.223	00:00:00.541	sa		
00:15:08.685	00:15:12.529	00:00:03.844			sa ni dha pa ma ga ri
00:15:09.223	00:15:09.657	00:00:00.434	ni		
00:15:09.657	00:15:10.090	00:00:00.433	dha		
00:15:10.090	00:15:10.958	00:00:00.868	pa		
00:15:10.958	00:15:11.354	00:00:00.396	ma		
00:15:11.354	00:15:11.853	00:00:00.499	ga		
00:15:11.853	00:15:12.526	00:00:00.673	ri		
00:15:12.526	00:15:12.895	00:00:00.369	sa		
00:15:13.225	00:15:14.138	00:00:00.913	ni		
00:15:14.142	00:15:14.502	00:00:00.360	dha		
00:15:14.502	00:15:14.885	00:00:00.383	ni		
00:15:14.969	00:15:15.383	00:00:00.414	sa		
00:15:15.383	00:15:15.835	00:00:00.452	ri		
00:15:15.835	00:15:16.297	00:00:00.462	ga		
00:15:16.297	00:15:16.684	00:00:00.387	ma		
00:15:16.302	00:15:19.362	00:00:03.060		ma pa ma ga ri	
00:15:16.684	00:15:17.112	00:00:00.428	pa		
00:15:17.112	00:15:17.598	00:00:00.486	ma		
00:15:17.598	00:15:18.041	00:00:00.443	ga		
00:15:18.041	00:15:19.360	00:00:01.319	ri		
00:15:20.177	00:15:20.645	00:00:00.468	ri		
00:15:20.645	00:15:20.993	00:00:00.348	sa		
00:15:20.993	00:15:21.441	00:00:00.448	ri		
00:15:21.441	00:15:21.906	00:00:00.465	ga		
00:15:21.906	00:15:22.321	00:00:00.415	ma		
00:15:22.415	00:15:23.179	00:00:00.764	pa		
00:15:23.179	00:15:23.622	00:00:00.443	sa		
00:15:23.622	00:15:24.046	00:00:00.424	ri		
00:15:24.046	00:15:24.489	00:00:00.443	ga		
00:15:24.489	00:15:24.858	00:00:00.369	ma		
00:15:24.858	00:15:25.274	00:00:00.416	pa		
00:15:25.274	00:15:25.982	00:00:00.708	dha		
00:15:26.220	00:15:26.713	00:00:00.493	ma		
00:15:26.713	00:15:27.110	00:00:00.397	pa		
00:15:27.110	00:15:27.543	00:00:00.433	ga		
00:15:27.543	00:15:27.948	00:00:00.405	ri		
00:15:27.948	00:15:28.411	00:00:00.463	ga		
00:15:28.411	00:15:29.075	00:00:00.664	ma		
00:15:29.316	00:15:29.692	00:00:00.376	pa		
00:15:29.692	00:15:30.134	00:00:00.442	ma		
00:15:30.134	00:15:30.496	00:00:00.362	pa		
00:15:30.496	00:15:30.957	00:00:00.461	dha		
00:15:30.497	00:15:32.795	00:00:02.298		dha ni sa pa	
00:15:30.957	00:15:31.437	00:00:00.480	ni		
00:15:31.441	00:15:32.273	00:00:00.832	sa		
00:15:32.273	00:15:32.789	00:00:00.516	pa		
00:15:32.789	00:15:33.214	00:00:00.425	dha		
00:15:33.214	00:15:33.662	00:00:00.448	ni		
00:15:33.831	00:15:34.129	00:00:00.298	sa		
00:15:34.129	00:15:34.476	00:00:00.347	ri		
00:15:34.476	00:15:35.369	00:00:00.893	ga		
00:15:35.369	00:15:35.738	00:00:00.369	ma		
00:15:35.738	00:15:36.199	00:00:00.461	ga		
00:15:36.199	00:15:36.827	00:00:00.628	ri		
00:15:36.827	00:15:37.510	00:00:00.683	sa		
00:15:37.510	00:15:38.386	00:00:00.876	ni		
00:15:37.510	00:15:39.056	00:00:01.546		ni dha pa	
00:15:38.386	00:15:38.727	00:00:00.341	dha		
00:15:38.727	00:15:39.056	00:00:00.329	pa		
00:15:39.212	00:15:39.678	00:00:00.466	pa		
00:15:39.678	00:15:41.542	00:00:01.864	ri		
00:15:41.542	00:15:41.911	00:00:00.369	sa		
00:15:41.911	00:15:42.335	00:00:00.424	ni		
00:15:42.335	00:15:42.916	00:00:00.581	dha		
00:15:42.916	00:15:44.679	00:00:01.763	pa		
00:15:44.679	00:15:45.103	00:00:00.424	ga		
00:15:45.103	00:15:45.408	00:00:00.305	ri		
00:15:45.408	00:15:46.022	00:00:00.614	ri		
00:15:45.411	00:15:47.651	00:00:02.240		ri sa ni	
00:15:46.022	00:15:46.694	00:00:00.672	sa		
00:15:46.694	00:15:47.651	00:00:00.957	ni		
00:15:47.651	00:15:48.459	00:00:00.808	ni		
00:15:47.651	00:15:49.626	00:00:01.975		ni dha	
00:15:48.463	00:15:49.626	00:00:01.163	dha		
00:15:50.688	00:15:52.496	00:00:01.808	ma		
00:15:50.688	00:15:53.751	00:00:03.063		ma pa	
00:15:52.496	00:15:53.751	00:00:01.255	pa		
00:15:53.751	00:15:54.592	00:00:00.841	dha		
00:15:53.751	00:15:56.031	00:00:02.280		dha ni sa	
00:15:54.592	00:15:55.212	00:00:00.620	ni		
00:15:55.212	00:15:56.031	00:00:00.819	sa		
00:15:57.749	00:15:58.604	00:00:00.855	sa		
00:15:57.755	00:15:59.920	00:00:02.165		sa ga ri	
00:15:58.604	00:15:59.039	00:00:00.435	ga		
00:15:59.039	00:15:59.916	00:00:00.877	ri		
00:15:59.916	00:16:00.310	00:00:00.394	sa		
00:16:00.310	00:16:00.745	00:00:00.435	ri		
00:16:00.745	00:16:01.712	00:00:00.967	sa		
00:16:01.712	00:16:02.135	00:00:00.423	ri		
00:16:02.135	00:16:03.024	00:00:00.889	ni		
00:16:02.140	00:16:03.650	00:00:01.510		ni dha ma	
00:16:03.024	00:16:03.394	00:00:00.370	dha		
00:16:03.394	00:16:03.647	00:00:00.253	ma		
00:16:03.839	00:16:04.765	00:00:00.926	pa		
00:16:03.841	00:16:05.975	00:00:02.134		pa dha ni	
00:16:04.765	00:16:05.164	00:00:00.399	dha		
00:16:05.177	00:16:05.973	00:00:00.796	ni		
00:16:06.332	00:16:06.561	00:00:00.229	dha		
00:16:06.336	00:16:08.258	00:00:01.922		dha ni sa	
00:16:06.561	00:16:06.852	00:00:00.291	ni		
00:16:06.852	00:16:16.091	00:00:09.239	sa		
00:16:16.091	00:16:16.972	00:00:00.881	sa		
00:16:16.102	00:16:18.236	00:00:02.134		sa ga ri	
00:16:16.972	00:16:17.437	00:00:00.465	ga		
00:16:17.437	00:16:18.237	00:00:00.800	ri		
00:16:18.523	00:16:18.860	00:00:00.337	sa		
00:16:18.860	00:16:19.178	00:00:00.318	ri		
00:16:19.178	00:16:20.049	00:00:00.871	sa		
00:16:20.049	00:16:20.506	00:00:00.457	ri		
00:16:20.506	00:16:21.437	00:00:00.931	ni		
00:16:20.506	00:16:22.186	00:00:01.680		ni dha ma	
00:16:21.437	00:16:21.800	00:00:00.363	dha		
00:16:21.800	00:16:22.186	00:00:00.386	ma		
00:16:22.186	00:16:23.109	00:00:00.923	pa		
00:16:22.186	00:16:24.296	00:00:02.110		pa dha ni	
00:16:23.109	00:16:23.550	00:00:00.441	dha		
00:16:23.550	00:16:24.297	00:00:00.747	ni		
00:16:24.644	00:16:24.880	00:00:00.236	dha		
00:16:24.650	00:16:26.330	00:00:01.680		dha ni sa	
00:16:24.880	00:16:25.290	00:00:00.410	ni		
00:16:25.290	00:16:27.446	00:00:02.156	sa		
00:16:27.446	00:16:27.986	00:00:00.540	ga		
00:16:27.986	00:16:28.292	00:00:00.306	ri		
00:16:28.292	00:16:28.739	00:00:00.447	sa		
00:16:28.739	00:16:29.163	00:00:00.424	ri		
00:16:29.163	00:16:29.463	00:00:00.300	sa		
00:16:29.698	00:16:30.536	00:00:00.838	ni		
00:16:29.698	00:16:31.382	00:00:01.684		ni dha pa	
00:16:30.536	00:16:30.974	00:00:00.438	dha		
00:16:30.974	00:16:31.381	00:00:00.407	pa		
00:16:31.381	00:16:32.043	00:00:00.662	ma		
00:16:32.043	00:16:32.551	00:00:00.508	ga		
00:16:32.769	00:16:33.192	00:00:00.423	ma		
00:16:33.192	00:16:33.659	00:00:00.467	ga		
00:16:33.659	00:16:34.035	00:00:00.376	ri		
00:16:34.035	00:16:34.446	00:00:00.411	sa		
00:16:34.459	00:16:34.923	00:00:00.464	ni		
00:16:34.923	00:16:36.382	00:00:01.459	sa		
00:16:36.818	00:16:37.212	00:00:00.394	ri		
00:16:37.212	00:16:37.694	00:00:00.482	ga		
00:16:37.694	00:16:38.168	00:00:00.474	ma		
00:16:38.168	00:16:39.925	00:00:01.757	pa		
00:16:39.925	00:16:40.325	00:00:00.400	ga		
00:16:39.928	00:16:42.751	00:00:02.823		ga ma ga ri	
00:16:40.325	00:16:40.849	00:00:00.524	ma		
00:16:40.849	00:16:42.154	00:00:01.305	ga		
00:16:42.154	00:16:42.743	00:00:00.589	ri		
00:16:43.052	00:16:43.443	00:00:00.391	sa		
00:16:43.443	00:16:43.872	00:00:00.429	ni		
00:16:43.872	00:16:45.684	00:00:01.812	sa		
00:16:46.104	00:16:46.627	00:00:00.523	pa		
00:16:46.627	00:16:47.062	00:00:00.435	ma		
00:16:47.062	00:16:48.803	00:00:01.741	pa		
00:16:48.803	00:16:49.884	00:00:01.081	dha		
00:16:50.117	00:16:51.878	00:00:01.761	ni		
00:16:51.878	00:16:53.311	00:00:01.433	sa		
00:16:53.311	00:16:55.140	00:00:01.829	ri		
00:16:55.454	00:16:56.381	00:00:00.927	ga		
00:16:55.458	00:16:58.640	00:00:03.182		ga ma ga ri	
00:16:56.381	00:16:57.097	00:00:00.716	ma		
00:16:57.097	00:16:57.753	00:00:00.656	ga		
00:16:57.753	00:16:58.638	00:00:00.885	ri		
00:16:58.638	00:16:59.056	00:00:00.418	ga		
00:16:59.056	00:16:59.473	00:00:00.417	ri		
00:16:59.473	00:17:00.450	00:00:00.977	sa		
00:17:00.450	00:17:00.844	00:00:00.394	ri		
00:17:00.844	00:17:01.696	00:00:00.852	ni		
00:17:00.846	00:17:02.582	00:00:01.736		ni dha pa	
00:17:01.696	00:17:02.069	00:00:00.373	dha		
00:17:02.069	00:17:02.575	00:00:00.506	pa		
00:17:02.575	00:17:03.257	00:00:00.682	ma		
00:17:03.257	00:17:03.916	00:00:00.659	ga		
00:17:03.916	00:17:04.863	00:00:00.947	ri		
00:17:04.863	00:17:05.334	00:00:00.471	ga		
00:17:05.334	00:17:05.692	00:00:00.358	ri		
00:17:05.692	00:17:06.199	00:00:00.507	ri		
00:17:05.693	00:17:07.688	00:00:01.995		ri sa ni	
00:17:06.199	00:17:07.160	00:00:00.961	sa		
00:17:07.160	00:17:07.684	00:00:00.524	ni		
00:17:08.060	00:17:08.580	00:00:00.520	ni		
00:17:08.060	00:17:10.114	00:00:02.054		ni dha	
00:17:08.580	00:17:10.114	00:00:01.534	dha		
00:17:11.277	00:17:12.502	00:00:01.225	ma		
00:17:11.277	00:17:14.083	00:00:02.806		ma pa	
00:17:12.502	00:17:14.083	00:00:01.581	pa		
00:17:14.335	00:17:15.135	00:00:00.800	dha		
00:17:14.335	00:17:16.617	00:00:02.282		dha ni sa	
00:17:15.135	00:17:15.844	00:00:00.709	ni		
00:17:15.844	00:17:16.617	00:00:00.773	sa		
00:17:18.351	00:17:19.342	00:00:00.991	sa		
00:17:18.353	00:17:20.595	00:00:02.242		sa ga ri	
00:17:19.342	00:17:19.718	00:00:00.376	ga		
00:17:19.718	00:17:20.589	00:00:00.871	ri		
00:17:20.589	00:17:21.048	00:00:00.459	sa		
00:17:21.048	00:17:21.471	00:00:00.423	ri		
00:17:21.471	00:17:22.359	00:00:00.888	sa		
00:17:22.359	00:17:22.816	00:00:00.457	ri		
00:17:22.816	00:17:23.710	00:00:00.894	ni		
00:17:22.816	00:17:24.584	00:00:01.768		ni dha ma	
00:17:23.710	00:17:24.157	00:00:00.447	dha		
00:17:24.157	00:17:24.584	00:00:00.427	ma		
00:17:24.584	00:17:25.450	00:00:00.866	pa		
00:17:24.590	00:17:26.742	00:00:02.152		pa dha ni	
00:17:25.450	00:17:25.878	00:00:00.428	dha		
00:17:25.878	00:17:26.747	00:00:00.869	ni		
00:17:27.034	00:17:27.247	00:00:00.213	dha		
00:17:27.037	00:17:29.086	00:00:02.049		dha ni sa	
00:17:27.247	00:17:27.629	00:00:00.382	ni		
00:17:27.629	00:17:37.284	00:00:09.655	sa		
00:17:44.341	00:17:46.554	00:00:02.213	sa		
00:17:47.074	00:17:47.536	00:00:00.462	sa		
00:17:47.536	00:17:47.845	00:00:00.309	sa		
00:17:47.845	00:17:48.780	00:00:00.935	sa		
00:17:47.851	00:17:50.084	00:00:02.233		sa ga ri	
00:17:48.780	00:17:49.274	00:00:00.494	ga		
00:17:49.274	00:17:50.080	00:00:00.806	ri		
00:17:50.080	00:17:50.427	00:00:00.347	sa		
00:17:50.427	00:17:50.827	00:00:00.400	ri		
00:17:50.827	00:17:51.765	00:00:00.938	sa		
00:17:51.765	00:17:52.159	00:00:00.394	ri		
00:17:52.159	00:17:53.000	00:00:00.841	ni		
00:17:52.162	00:17:53.730	00:00:01.568		ni dha ma	
00:17:53.000	00:17:53.383	00:00:00.383	dha		
00:17:53.383	00:17:53.730	00:00:00.347	ma		
00:17:53.918	00:17:54.732	00:00:00.814	pa		
00:17:53.918	00:17:55.957	00:00:02.039		pa dha ni	
00:17:54.732	00:17:55.132	00:00:00.400	dha		
00:17:55.132	00:17:55.955	00:00:00.823	ni		
00:17:56.243	00:17:56.461	00:00:00.218	dha		
00:17:56.247	00:17:57.633	00:00:01.386		dha ni sa	
00:17:56.461	00:17:56.755	00:00:00.294	ni		
00:17:56.755	00:17:57.629	00:00:00.874	sa		
00:17:57.629	00:17:58.130	00:00:00.501	ni		
00:17:58.130	00:17:59.023	00:00:00.893	sa		
00:17:59.023	00:17:59.376	00:00:00.353	sa		
00:17:59.376	00:18:00.173	00:00:00.797	sa		
00:18:05.688	00:18:06.346	00:00:00.658	sa		
00:18:05.691	00:18:07.717	00:00:02.026		sa ga ri	
00:18:06.346	00:18:06.893	00:00:00.547	ga		
00:18:06.893	00:18:07.717	00:00:00.824	ri		
00:18:07.717	00:18:08.023	00:00:00.306	sa		
00:18:08.023	00:18:08.505	00:00:00.482	ri		
00:18:08.505	00:18:09.428	00:00:00.923	sa		
00:18:09.428	00:18:09.834	00:00:00.406	ri		
00:18:09.832	00:18:11.291	00:00:01.459		ni dha ma	
00:18:09.834	00:18:10.816	00:00:00.982	ni		
00:18:10.816	00:18:11.093	00:00:00.277	dha		
00:18:11.093	00:18:11.294	00:00:00.201	ma		
00:18:11.753	00:18:12.383	00:00:00.630	pa		
00:18:11.753	00:18:13.917	00:00:02.164		pa dha ni	
00:18:12.383	00:18:12.783	00:00:00.400	dha		
00:18:12.783	00:18:13.918	00:00:01.135	ni		
00:18:13.918	00:18:14.153	00:00:00.235	dha		
00:18:13.932	00:18:16.638	00:00:02.706		dha ni sa	
00:18:14.153	00:18:14.512	00:00:00.359	ni		
00:18:14.512	00:18:16.644	00:00:02.132	sa		
00:18:16.644	00:18:17.277	00:00:00.633	ga		
00:18:17.277	00:18:17.579	00:00:00.302	ri		
00:18:17.579	00:18:17.991	00:00:00.412	sa		
00:18:17.991	00:18:18.398	00:00:00.407	ri		
00:18:18.398	00:18:18.849	00:00:00.451	sa		
00:18:18.849	00:18:19.755	00:00:00.906	ni		
00:18:18.857	00:18:20.584	00:00:01.727		ni dha pa	
00:18:19.755	00:18:20.167	00:00:00.412	dha		
00:18:20.167	00:18:20.578	00:00:00.411	pa		
00:18:20.578	00:18:21.130	00:00:00.552	ma		
00:18:21.130	00:18:21.802	00:00:00.672	ga		
00:18:21.990	00:18:22.427	00:00:00.437	ma		
00:18:22.427	00:18:22.845	00:00:00.418	ga		
00:18:22.845	00:18:23.251	00:00:00.406	ri		
00:18:23.251	00:18:23.680	00:00:00.429	sa		
00:18:23.680	00:18:24.133	00:00:00.453	ni		
00:18:24.133	00:18:25.405	00:00:01.272	 sa		
00:18:25.939	00:18:26.223	00:00:00.284	ri		
00:18:26.223	00:18:26.793	00:00:00.570	ga		
00:18:26.793	00:18:27.152	00:00:00.359	ma		
00:18:27.152	00:18:29.058	00:00:01.906	pa		
00:18:29.056	00:18:31.792	00:00:02.736		ga ma ga ri	
00:18:29.058	00:18:29.405	00:00:00.347	ga		
00:18:29.405	00:18:29.905	00:00:00.500	ma		
00:18:29.905	00:18:31.222	00:00:01.317	ga		
00:18:31.222	00:18:31.793	00:00:00.571	ri		
00:18:32.121	00:18:32.503	00:00:00.382	sa		
00:18:32.503	00:18:32.956	00:00:00.453	ni		
00:18:32.956	00:18:35.202	00:00:02.246	sa		
00:18:35.202	00:18:35.563	00:00:00.361	pa		
00:18:35.563	00:18:36.081	00:00:00.518	ma		
00:18:36.081	00:18:37.416	00:00:01.335	pa		
00:18:37.742	00:18:38.760	00:00:01.018	dha		
00:18:38.969	00:18:40.784	00:00:01.815	ni		
00:18:40.784	00:18:41.796	00:00:01.012	sa		
00:18:42.120	00:18:44.249	00:00:02.129	ri		
00:18:44.249	00:18:45.112	00:00:00.863	ga		
00:18:45.112	00:18:45.836	00:00:00.724	ma		
00:18:45.836	00:18:46.502	00:00:00.666	ga		
00:18:46.502	00:18:47.306	00:00:00.804	ri		
00:18:47.306	00:18:47.688	00:00:00.382	ga		
00:18:47.688	00:18:48.065	00:00:00.377	ri		
00:18:48.307	00:18:49.108	00:00:00.801	sa		
00:18:49.108	00:18:49.531	00:00:00.423	ri		
00:18:49.531	00:18:50.443	00:00:00.912	ni		
00:18:49.536	00:18:51.250	00:00:01.714		ni dha pa	
00:18:50.443	00:18:50.843	00:00:00.400	dha		
00:18:50.843	00:18:51.243	00:00:00.400	pa		
00:18:51.243	00:18:51.931	00:00:00.688	ma		
00:18:51.931	00:18:52.509	00:00:00.578	ga		
00:18:53.156	00:18:53.685	00:00:00.529	ri		
00:18:53.685	00:18:53.950	00:00:00.265	ga		
00:18:53.950	00:18:54.350	00:00:00.400	ri		
00:18:54.350	00:18:54.900	00:00:00.550	ri		
00:18:54.351	00:18:56.529	00:00:02.178		ri sa ni	
00:18:54.900	00:18:55.650	00:00:00.750	sa		
00:18:55.650	00:18:56.528	00:00:00.878	ni		
00:18:56.658	00:18:57.329	00:00:00.671	ni		
00:18:56.658	00:18:58.602	00:00:01.944		ni dha	
00:18:57.329	00:18:58.602	00:00:01.273	dha		
00:18:59.763	00:19:01.073	00:00:01.310	ma		
00:18:59.763	00:19:02.768	00:00:03.005		ma pa	
00:19:01.073	00:19:02.768	00:00:01.695	pa		
00:19:02.856	00:19:03.805	00:00:00.949	dha		
00:19:02.856	00:19:06.086	00:00:03.230		dha ni sa	
00:19:03.805	00:19:04.508	00:00:00.703	ni		
00:19:04.508	00:19:06.086	00:00:01.578	sa		
00:19:06.086	00:19:06.411	00:00:00.325	dha		
00:19:06.090	00:19:12.402	00:00:06.312			dha ni sa ri ga ma pa ma ga ri
00:19:06.411	00:19:06.964	00:00:00.553	ni		
00:19:06.964	00:19:07.454	00:00:00.490	sa		
00:19:07.454	00:19:07.841	00:00:00.387	ri		
00:19:07.841	00:19:08.264	00:00:00.423	ga		
00:19:08.502	00:19:12.402	00:00:03.900		ma pa ma ga ri	
00:19:08.506	00:19:08.823	00:00:00.317	ma		
00:19:08.823	00:19:09.164	00:00:00.341	pa		
00:19:09.164	00:19:09.617	00:00:00.453	ma		
00:19:09.617	00:19:10.146	00:00:00.529	ga		
00:19:10.146	00:19:12.401	00:00:02.255	ri		
00:19:12.401	00:19:12.877	00:00:00.476	dha		
00:19:12.414	00:19:17.011	00:00:04.597			dha ni sa ri ga ma pa ma ga ri
00:19:12.877	00:19:13.171	00:00:00.294	ni		
00:19:13.567	00:19:13.842	00:00:00.275	sa		
00:19:13.842	00:19:14.159	00:00:00.317	ri		
00:19:14.159	00:19:14.581	00:00:00.422	ga		
00:19:14.581	00:19:14.934	00:00:00.353	ma		
00:19:14.590	00:19:17.006	00:00:02.416		ma pa ma ga ri	
00:19:14.934	00:19:15.358	00:00:00.424	pa		
00:19:15.358	00:19:15.834	00:00:00.476	ma		
00:19:15.834	00:19:16.316	00:00:00.482	ga		
00:19:16.316	00:19:16.999	00:00:00.683	ri		
00:19:17.793	00:19:18.140	00:00:00.347	ma		
00:19:17.801	00:19:20.459	00:00:02.658		ma pa ma ga ri	
00:19:18.140	00:19:18.457	00:00:00.317	pa		
00:19:18.457	00:19:18.904	00:00:00.447	ma		
00:19:18.904	00:19:19.434	00:00:00.530	ga		
00:19:19.434	00:19:20.452	00:00:01.018	ri		
00:19:21.421	00:19:23.840	00:00:02.419		ni sa ri	
00:19:21.424	00:19:22.368	00:00:00.944	ni		
00:19:22.368	00:19:23.395	00:00:01.027	sa		
00:19:23.395	00:19:23.836	00:00:00.441	ri		
00:19:23.836	00:19:24.148	00:00:00.312	ga		
00:19:23.851	00:19:25.405	00:00:01.554		ga ma pa	
00:19:24.148	00:19:24.783	00:00:00.635	ma		
00:19:24.783	00:19:25.401	00:00:00.618	pa		
00:19:25.401	00:19:26.055	00:00:00.654	dha		
00:19:26.055	00:19:26.561	00:00:00.506	ni		
00:19:26.561	00:19:26.785	00:00:00.224	sa		
00:19:26.792	00:19:27.802	00:00:01.010	ni		
00:19:26.795	00:19:28.622	00:00:01.827		ni dha pa	
00:19:27.802	00:19:28.101	00:00:00.299	dha		
00:19:28.101	00:19:28.619	00:00:00.518	pa		
00:19:28.619	00:19:29.066	00:00:00.447	ma		
00:19:29.066	00:19:29.771	00:00:00.705	ga		
00:19:30.618	00:19:31.287	00:00:00.669	ri		
00:19:31.287	00:19:31.663	00:00:00.376	sa		
00:19:31.663	00:19:32.303	00:00:00.640	ri		
00:19:31.670	00:19:33.679	00:00:02.009		ri sa ni	
00:19:32.303	00:19:33.104	00:00:00.801	sa		
00:19:33.104	00:19:33.675	00:00:00.571	ni		
00:19:34.040	00:19:34.688	00:00:00.648	ni		
00:19:34.040	00:19:36.663	00:00:02.623		ni dha	
00:19:34.688	00:19:36.663	00:00:01.975	dha		
00:19:37.218	00:19:38.368	00:00:01.150	ma		
00:19:37.218	00:19:40.224	00:00:03.006		ma pa	
00:19:38.368	00:19:40.224	00:00:01.856	pa		
00:19:40.333	00:19:41.291	00:00:00.958	dha		
00:19:40.333	00:19:43.532	00:00:03.199		dha ni sa	
00:19:41.291	00:19:42.043	00:00:00.752	ni		
00:19:42.043	00:19:43.532	00:00:01.489	sa		

